fecha,entidad,cargo,nombre,norma,sumilla,fuente_url,captured_at
2026-09-06,,fiscales provinciales provisionales,,RESOLUCIÓN,Nombran fiscales provinciales provisionales del Distrito Fiscal de Ucayali,https://busquedas.elperuano.pe/dispositivo/NL/2551322-3,2026-09-06T01:35:07-0500
2026-09-06,,fiscal provincial provisional,,RESOLUCIÓN,Nombran fiscal provincial provisional del Distrito Fiscal de Lima Noroeste,https://busquedas.elperuano.pe/dispositivo/NL/2551322-4,2026-09-06T01:35:07-0500
2026-09-06,Superintendencia Nacional de Bienes Estatales,Director de Gestión,,RESOLUCIÓN,Designan Director de Gestión del Patrimonio Estatal de la Superintendencia Nacional de Bienes Estatales,https://busquedas.elperuano.pe/dispositivo/NL/2550938-1,2026-09-06T01:35:07-0500
2026-09-06,,Ejecutivo,,RESOLUCIÓN,Designan Ejecutivo de la Unidad de Recursos Humanos de la Oficina de Administración y Finanzas,https://busquedas.elperuano.pe/dispositivo/NL/2550942-1,2026-09-06T01:35:07-0500
2026-09-06,Autoridad Nacional de Infraestructura,Ejecutiva,,RESOLUCIÓN JEFATURAL,Designan Ejecutiva de la Unidad de Abastecimiento de la Oficina de Administración de la Autoridad Nacional de Infraestructura,https://busquedas.elperuano.pe/dispositivo/NL/2551436-1,2026-09-06T01:35:07-0500
2026-09-06,Ministerio de Salud,Director Ejecutivo,,RESOLUCIÓN MINISTERIAL,"Designan Director Ejecutivo de la Dirección de Inspección y Certificación de la Dirección General de Medicamentos, Insumos y Drogas del Ministerio de Salud",https://busquedas.elperuano.pe/dispositivo/NL/2551434-1,2026-09-06T01:35:07-0500
2026-09-06,Programa Nacional de Saneamiento Urbano,Coordinador,,RESOLUCIÓN DIRECTORAL,Designan Coordinador de la Subunidad de Contabilidad de la Unidad de Administración del Programa Nacional de Saneamiento Urbano,https://busquedas.elperuano.pe/dispositivo/NL/2551409-1,2026-09-06T01:35:07-0500
2026-09-06,Superintendencia Nacional Adjunta de Administración y Finanzas,Asesor III,,RESOLUCIÓN,Designan Asesor III de la Superintendencia Nacional Adjunta de Administración y Finanzas,https://busquedas.elperuano.pe/dispositivo/NL/2551406-1,2026-09-06T01:35:07-0500
2026-09-05,,fiscal adjunto provincial provisional,,RESOLUCIÓN,Nombran fiscal adjunto provincial provisional del Distrito Fiscal de Lima Centro,https://busquedas.elperuano.pe/dispositivo/NL/2551316-5,2026-09-06T01:35:07-0500
2026-09-05,,fiscal adjunto provincial provisional,,RESOLUCIÓN,Nombran fiscal adjunto provincial provisional del Distrito Fiscal Del Santa,https://busquedas.elperuano.pe/dispositivo/NL/2551316-3,2026-09-06T01:35:07-0500
2026-09-05,,fiscal adjunta provincial provisional,,RESOLUCIÓN,Nombran fiscal adjunta provincial provisional del Distrito Fiscal de Huánuco,https://busquedas.elperuano.pe/dispositivo/NL/2551316-4,2026-09-06T01:35:07-0500
2026-09-05,Consejo Directivo del Instituto Nacional de Defensa de la Competencia y de la Protección d,miembro,,RESOLUCIÓN SUPREMA,"Designan miembro del Consejo Directivo del Instituto Nacional de Defensa de la Competencia y de la Protección de la Propiedad Intelectual - INDECOPI, en representación de la Presidencia del Consejo de Ministros",https://busquedas.elperuano.pe/dispositivo/NL/2551403-4,2026-09-06T01:35:07-0500
2026-09-05,,Jefa,,RESOLUCIÓN MINISTERIAL,Designan Jefa de la Oficina de Bienestar Social y Relaciones Laborales de la Oficina General de Recursos Humanos,https://busquedas.elperuano.pe/dispositivo/NL/2550895-1,2026-09-06T01:35:07-0500
2026-09-05,,Jefa,,RESOLUCIÓN MINISTERIAL,Designan Jefa de la Oficina de Organización y Modernización,https://busquedas.elperuano.pe/dispositivo/NL/2551350-1,2026-09-06T01:35:07-0500
2026-09-05,,Jefe,,RESOLUCIÓN MINISTERIAL,"Designan Jefe de la Oficina de Presupuesto, de la Oficina General de Planeamiento, Presupuesto y Modernización",https://busquedas.elperuano.pe/dispositivo/NL/2551191-1,2026-09-06T01:35:07-0500
2026-09-05,,Embajador Extraordinario y Plenipotenciario,,RESOLUCIÓN SUPREMA,Nombran Embajador Extraordinario y Plenipotenciario del Perú en el Reino de Tailandia,https://busquedas.elperuano.pe/dispositivo/NL/2551405-7,2026-09-06T01:35:07-0500
2026-09-05,,Representante Permanente,,RESOLUCIÓN SUPREMA,"Nombran Representante Permanente del Perú ante la Organización de las Naciones Unidas para la Educación, la Ciencia y la Cultura (UNESCO), con sede en París, República Francesa",https://busquedas.elperuano.pe/dispositivo/NL/2551405-12,2026-09-06T01:35:07-0500
2026-09-05,Programa Mundial de Alimentos (PMA) y ante el Fondo Internacional de Desarrollo Agrícola (,Representante Permanente,,RESOLUCIÓN SUPREMA,"Nombran Representante Permanente del Perú ante la Organización de las Naciones Unidas para la Alimentación y la Agricultura (FAO), ante el Programa Mundial de Alimentos (PMA) y ante el Fondo Internacional de Desarrollo Agrícola (FIDA), con ",https://busquedas.elperuano.pe/dispositivo/NL/2551405-11,2026-09-06T01:35:07-0500
2026-09-05,Organismos Internacionales con sede en Ginebra,Representante Permanente,,RESOLUCIÓN SUPREMA,"Nombran Representante Permanente del Perú ante los Organismos Internacionales con sede en Ginebra, Confederación Suiza",https://busquedas.elperuano.pe/dispositivo/NL/2551405-10,2026-09-06T01:35:07-0500
2026-09-05,,Embajador Extraordinario y Plenipotenciario,,RESOLUCIÓN SUPREMA,Nombran Embajador Extraordinario y Plenipotenciario del Perú en la República Argentina,https://busquedas.elperuano.pe/dispositivo/NL/2551405-6,2026-09-06T01:35:07-0500
2026-09-05,,Representante Permanente,,RESOLUCIÓN SUPREMA,"Nombran Representante Permanente del Perú ante la Organización de las Naciones Unidas, con sede en Nueva York",https://busquedas.elperuano.pe/dispositivo/NL/2551405-8,2026-09-06T01:35:07-0500
2026-09-05,,Representante Permanente,,RESOLUCIÓN SUPREMA,Nombran Representante Permanente del Perú ante la Organización de los Estados Americanos con sede en Washington D.C.,https://busquedas.elperuano.pe/dispositivo/NL/2551405-9,2026-09-06T01:35:07-0500
2026-09-05,Instituto Nacional de Salud del Niño – San Borja,Directora Adjunta,,RESOLUCIÓN MINISTERIAL,Designan Directora Adjunta de la Dirección General del Instituto Nacional de Salud del Niño – San Borja,https://busquedas.elperuano.pe/dispositivo/NL/2551215-1,2026-09-06T01:35:07-0500
2026-09-05,,Directora Ejecutiva,,RESOLUCIÓN MINISTERIAL,Designan Directora Ejecutiva de la Dirección de Salud Bucal,https://busquedas.elperuano.pe/dispositivo/NL/2551214-1,2026-09-06T01:35:07-0500
2026-09-05,,Director General,,RESOLUCIÓN MINISTERIAL,Designan Director General de la Oficina General de Gestión Descentralizada,https://busquedas.elperuano.pe/dispositivo/NL/2551307-1,2026-09-06T01:35:07-0500
2026-09-05,,Jefe de Tecnologías,,RESOLUCIÓN MINISTERIAL,Designan Jefe de Tecnologías de la Información y Comunicaciones,https://busquedas.elperuano.pe/dispositivo/NL/2550971-1,2026-09-06T01:35:07-0500
2026-09-05,Superintendencia de Transporte Terrestre de Personas,Superintendente,,RESOLUCIÓN SUPREMA,"Encargan el cargo de Superintendente de la Superintendencia de Transporte Terrestre de Personas, Carga y Mercancías - SUTRAN",https://busquedas.elperuano.pe/dispositivo/NL/2551403-6,2026-09-06T01:35:07-0500
2026-09-05,,Directora General,,RESOLUCIÓN MINISTERIAL,"Designan Directora General de la Dirección General de Niñas, Niños y Adolescentes",https://busquedas.elperuano.pe/dispositivo/NL/2551372-1,2026-09-06T01:35:07-0500
2026-09-05,,Asesora II,,RESOLUCIÓN MINISTERIAL,Designan Asesora II del Despacho Viceministerial de Poblaciones Vulnerables,https://busquedas.elperuano.pe/dispositivo/NL/2551382-1,2026-09-06T01:35:07-0500
2026-09-05,,Director II,,RESOLUCIÓN MINISTERIAL,"Designan Director II de la Dirección de Políticas de Niñas, Niños y Adolescentes",https://busquedas.elperuano.pe/dispositivo/NL/2551384-1,2026-09-06T01:35:07-0500
2026-09-05,,Directora II,,RESOLUCIÓN MINISTERIAL,"Designan Directora II de la Dirección de Sistemas Locales y Defensorías de la Dirección General de Niñas, Niños y Adolescentes",https://busquedas.elperuano.pe/dispositivo/NL/2551375-1,2026-09-06T01:35:07-0500
2026-09-05,Instituto del Mar del Perú – IMARPE,Director General de Investigaciones de Recursos Pelágicos,,RESOLUCIÓN,Designan Director General de Investigaciones de Recursos Pelágicos del Instituto del Mar del Perú – IMARPE,https://busquedas.elperuano.pe/dispositivo/NL/2550657-1,2026-09-06T01:35:07-0500
2026-09-05,Servicio Nacional de Meteorología e Hidrología del Perú - SENAMHI,director,,RESOLUCIÓN,Designan director de la Oficina de Administración del Servicio Nacional de Meteorología e Hidrología del Perú - SENAMHI,https://busquedas.elperuano.pe/dispositivo/NL/2551392-1,2026-09-06T01:35:07-0500
2026-09-05,Programa Nacional Cuna Más,Coordinadora Técnica,,RESOLUCIÓN,Designan Coordinadora Técnica de la Dirección Ejecutiva del Programa Nacional Cuna Más,https://busquedas.elperuano.pe/dispositivo/NL/2551315-1,2026-09-06T01:35:07-0500
2026-09-05,,Ejecutivo,,RESOLUCIÓN,Designan Ejecutivo de la Jefatura Zonal Apurímac de la SUCAMEC,https://busquedas.elperuano.pe/dispositivo/NL/2551160-1,2026-09-06T01:35:07-0500
2026-09-05,Programa de Desarrollo Productivo Agrario Rural – AGRO RURAL,Jefe,,RESOLUCIÓN DIRECTORAL,Designan Jefe de la Unidad Zonal Arequipa del Programa de Desarrollo Productivo Agrario Rural – AGRO RURAL,https://busquedas.elperuano.pe/dispositivo/NL/2551010-1,2026-09-06T01:35:07-0500
2026-09-05,Programa de Desarrollo Productivo Agrario Rural – AGRO RURAL,Jefe,,RESOLUCIÓN DIRECTORAL,Designan Jefe de la Unidad Zonal Tacna del Programa de Desarrollo Productivo Agrario Rural – AGRO RURAL,https://busquedas.elperuano.pe/dispositivo/NL/2551016-1,2026-09-06T01:35:07-0500
2026-09-05,Organismo Especializado para las Contrataciones Públicas Eficientes (OECE),Asesora de Gerencia General,,RESOLUCIÓN,Designan Asesora de Gerencia General del Organismo Especializado para las Contrataciones Públicas Eficientes (OECE),https://busquedas.elperuano.pe/dispositivo/NL/2551283-1,2026-09-06T01:35:07-0500
2026-09-04,,fiscal adjunta provincial provisional,,RESOLUCIÓN,Nombran fiscal adjunta provincial provisional del Distrito Fiscal de Lima Este,https://busquedas.elperuano.pe/dispositivo/NL/2550381-4,2026-09-06T01:35:07-0500
2026-09-04,,fiscal adjunto provincial provisional,,RESOLUCIÓN,Nombran fiscal adjunto provincial provisional del Distrito Fiscal de Huánuco,https://busquedas.elperuano.pe/dispositivo/NL/2550381-1,2026-09-06T01:35:07-0500
2026-09-04,,fiscal provincial provisional,,RESOLUCIÓN,Nombran fiscal provincial provisional del Distrito Fiscal de Áncash,https://busquedas.elperuano.pe/dispositivo/NL/2550315-6,2026-09-06T01:35:07-0500
2026-09-04,,fiscal provincial provisional,,RESOLUCIÓN,Nombran fiscal provincial provisional del Distrito Fiscal de Cajamarca,https://busquedas.elperuano.pe/dispositivo/NL/2550315-8,2026-09-06T01:35:07-0500
2026-09-04,,fiscal adjunta provincial provisional,,RESOLUCIÓN,Nombran fiscal adjunta provincial provisional del Distrito Fiscal de Huánuco,https://busquedas.elperuano.pe/dispositivo/NL/2550315-4,2026-09-06T01:35:07-0500
2026-09-04,,fiscal adjunta provincial provisional,,RESOLUCIÓN,Nombran fiscal adjunta provincial provisional del Distrito Fiscal de Junín,https://busquedas.elperuano.pe/dispositivo/NL/2550381-2,2026-09-06T01:35:07-0500
2026-09-04,,fiscal adjunta provincial provisional,,RESOLUCIÓN,Nombran fiscal adjunta provincial provisional del Distrito Fiscal de Huánuco,https://busquedas.elperuano.pe/dispositivo/NL/2550381-3,2026-09-06T01:35:07-0500
2026-09-04,,fiscal adjunta provincial provisional,,RESOLUCIÓN,Nombran fiscal adjunta provincial provisional del Distrito Fiscal de Ucayali,https://busquedas.elperuano.pe/dispositivo/NL/2550315-10,2026-09-06T01:35:07-0500
2026-09-04,,fiscal adjunta provincial provisional,,RESOLUCIÓN,Nombran fiscal adjunta provincial provisional del Distrito Fiscal de Ucayali,https://busquedas.elperuano.pe/dispositivo/NL/2550315-9,2026-09-06T01:35:07-0500
2026-09-04,,fiscal provincial provisional,,RESOLUCIÓN,Nombran fiscal provincial provisional del Distrito Fiscal de Ayacucho,https://busquedas.elperuano.pe/dispositivo/NL/2550315-7,2026-09-06T01:35:07-0500
2026-09-04,,fiscales,,RESOLUCIÓN,Designan fiscales en el Equipo de Apoyo Fiscal del Distrito Fiscal de Lima Centro y en el 5° Despacho Provincial Penal de la Primera Fiscalía Corporativa Penal de Cercado de Lima-Breña-Rímac-Jesús María,https://busquedas.elperuano.pe/dispositivo/NL/2550315-5,2026-09-06T01:35:07-0500
2026-09-04,Instituto Peruano de Energía Nuclear,Ejecutivo,,RESOLUCIÓN,Designan Ejecutivo de la Unidad de Recursos Humanos del Instituto Peruano de Energía Nuclear,https://busquedas.elperuano.pe/dispositivo/NL/2550730-1,2026-09-06T01:35:07-0500
2026-09-04,Organismo de Formalización de la Propiedad Informal – COFOPRI,Jefe,,RESOLUCIÓN DIRECTORAL,Designan Jefe de la Oficina Zonal Cusco del Organismo de Formalización de la Propiedad Informal – COFOPRI,https://busquedas.elperuano.pe/dispositivo/NL/2550541-1,2026-09-06T01:35:07-0500
2026-09-04,Consejo Directivo de la Autoridad Nacional del Servicio Civil - SERVIR,miembro y Presidenta Ejecutiva,,RESOLUCIÓN SUPREMA,Designan miembro y Presidenta Ejecutiva del Consejo Directivo de la Autoridad Nacional del Servicio Civil - SERVIR,https://busquedas.elperuano.pe/dispositivo/NL/2550846-6,2026-09-06T01:35:07-0500
2026-09-04,,Asesora de Secretaría General II,,RESOLUCIÓN MINISTERIAL,Designan Asesora de Secretaría General II del Ministerio,https://busquedas.elperuano.pe/dispositivo/NL/2550765-1,2026-09-06T01:35:07-0500
2026-09-04,Consejo Directivo del Instituto Geológico,miembro,,RESOLUCIÓN SUPREMA,"Designan miembro del Consejo Directivo del Instituto Geológico, Minero y Metalúrgico - INGEMMET",https://busquedas.elperuano.pe/dispositivo/NL/2550846-9,2026-09-06T01:35:07-0500
2026-09-04,Consejo Directivo del Instituto Geológico,miembro,,RESOLUCIÓN SUPREMA,"Designan miembro del Consejo Directivo del Instituto Geológico, Minero y Metalúrgico - INGEMMET",https://busquedas.elperuano.pe/dispositivo/NL/2550846-8,2026-09-06T01:35:07-0500
2026-09-04,Instituto Nacional de Salud del Niño - San Borja,Jefe de Equipo II,,RESOLUCIÓN DIRECTORAL,Designan Jefe de Equipo II de la Unidad de Administración del Instituto Nacional de Salud del Niño - San Borja,https://busquedas.elperuano.pe/dispositivo/NL/2550838-1,2026-09-06T01:35:07-0500
2026-09-04,Instituto Nacional de Salud del Niño – San Borja,Jefa de Departamento,,RESOLUCIÓN DIRECTORAL,Designan Jefa de Departamento de la Sub Unidad de Soporte al Tratamiento de la Unidad de Soporte al Diagnóstico y Tratamiento del Instituto Nacional de Salud del Niño – San Borja,https://busquedas.elperuano.pe/dispositivo/NL/2550840-1,2026-09-06T01:35:07-0500
2026-09-04,Programa Nuestras Ciudades,Director Ejecutivo,,RESOLUCIÓN MINISTERIAL,Designan Director Ejecutivo del Programa Nuestras Ciudades,https://busquedas.elperuano.pe/dispositivo/NL/2550444-1,2026-09-06T01:35:07-0500
2026-09-04,Instituto del Mar del Perú – IMARPE,Directora General de Investigaciones de los Recursos Demersales y Litorales,,RESOLUCIÓN,Designan Directora General de Investigaciones de los Recursos Demersales y Litorales del Instituto del Mar del Perú – IMARPE,https://busquedas.elperuano.pe/dispositivo/NL/2550662-1,2026-09-06T01:35:07-0500
2026-09-04,,magistrado como Juez,,RESOLUCIÓN ADMINISTRATIVA,Designan a magistrado como Juez del Juzgado Transitorio Especializado en Extinción de Dominio de la Corte Superior de Justicia de Áncash,https://busquedas.elperuano.pe/dispositivo/NL/2550532-1,2026-09-06T01:35:07-0500
2026-09-04,,el Despacho,,RESOLUCIÓN ADMINISTRATIVA,Encargan el Despacho de la Presidencia de la Corte Superior Nacional de Justicia Penal Especializada,https://busquedas.elperuano.pe/dispositivo/NL/2550097-1,2026-09-06T01:35:07-0500
2026-09-04,,Directora,,RESOLUCIÓN MINISTERIAL,Designan Directora de la Dirección General de Calidad Ambiental,https://busquedas.elperuano.pe/dispositivo/NL/2550828-1,2026-09-06T01:35:07-0500
2026-09-04,,Director,,RESOLUCIÓN MINISTERIAL,Designan Director de la Dirección de Monitoreo de la Gestión de las Prestaciones Sociales,https://busquedas.elperuano.pe/dispositivo/NL/2550746-1,2026-09-06T01:35:07-0500
2026-09-04,,Directora,,RESOLUCIÓN MINISTERIAL,Designan Directora de la Dirección de Diseño de las Prestaciones Sociales de la Dirección General de Calidad de la Gestión de las Prestaciones Sociales,https://busquedas.elperuano.pe/dispositivo/NL/2550754-1,2026-09-06T01:35:07-0500
2026-09-04,Programa Nacional Cuna Más,Coordinadora de Gestión de Servicios Estándar,,RESOLUCIÓN,Designan Coordinadora de Gestión de Servicios Estándar de la Unidad Operativa de Atención Integral del Programa Nacional Cuna Más,https://busquedas.elperuano.pe/dispositivo/NL/2550843-1,2026-09-06T01:35:07-0500
2026-09-04,Consejo Superior del Sistema Nacional de Evaluación,asesor,,RESOLUCIÓN,"Designan asesor de la Presidencia del Consejo Superior del Sistema Nacional de Evaluación, Acreditación y Certificación de la Calidad Educativa - Sineace",https://busquedas.elperuano.pe/dispositivo/NL/2550659-1,2026-09-06T01:35:07-0500
2026-09-04,Superintendencia Nacional de Fiscalización Laboral – SUNAFIL,Gerente General,,RESOLUCIÓN,Designan Gerente General de la Superintendencia Nacional de Fiscalización Laboral – SUNAFIL,https://busquedas.elperuano.pe/dispositivo/NL/2550836-1,2026-09-06T01:35:07-0500
2026-09-04,Autoridad Nacional de Sanidad e Inocuidad en Pesca y Acuicultura (SANIPES),Jefe,,RESOLUCIÓN,Designan Jefe de la Unidad de Planeamiento y Modernización de la Autoridad Nacional de Sanidad e Inocuidad en Pesca y Acuicultura (SANIPES),https://busquedas.elperuano.pe/dispositivo/NL/2550664-1,2026-09-06T01:35:07-0500
2026-09-04,Autoridad Nacional de Sanidad e Inocuidad en Pesca y Acuicultura (SANIPES),Jefe,,RESOLUCIÓN,"Designan Jefe de la Oficina de Planeamiento, Presupuesto y Modernización de la Autoridad Nacional de Sanidad e Inocuidad en Pesca y Acuicultura (SANIPES)",https://busquedas.elperuano.pe/dispositivo/NL/2550665-1,2026-09-06T01:35:07-0500
2026-09-03,Municipalidad Distrital de Islay ante la Junta de Administración de la Zona Especial de De,representante,,RESOLUCIÓN DE ALCALDÍA,Designan representante de la Municipalidad Distrital de Islay ante la Junta de Administración de la Zona Especial de Desarrollo Matarani – ZED Matarani,https://busquedas.elperuano.pe/dispositivo/NL/2546208-1,2026-09-06T01:35:07-0500
2026-09-03,Municipalidad Provincial de Andahuaylas,Jefe,,RESOLUCIÓN,Designan Jefe del Órgano de Control Institucional de la Municipalidad Provincial de Andahuaylas,https://busquedas.elperuano.pe/dispositivo/NL/2549589-1,2026-09-06T01:35:07-0500
2026-09-03,,fiscal adjunta provincial provisional,,RESOLUCIÓN,Nombran fiscal adjunta provincial provisional del Distrito Fiscal de Huánuco,https://busquedas.elperuano.pe/dispositivo/NL/2550293-13,2026-09-06T01:35:07-0500
2026-09-03,,fiscal,,RESOLUCIÓN,Designan fiscal en la Fiscalía Provincial Corporativa Especializada en Delitos de Corrupción de Funcionarios del Distrito Fiscal de Huánuco,https://busquedas.elperuano.pe/dispositivo/NL/2550293-9,2026-09-06T01:35:07-0500
2026-09-03,,fiscal provincial provisional,,RESOLUCIÓN,Nombran fiscal provincial provisional del Distrito Fiscal de Puno,https://busquedas.elperuano.pe/dispositivo/NL/2550293-11,2026-09-06T01:35:07-0500
2026-09-03,,fiscal adjunto provincial provisional,,RESOLUCIÓN,Nombran fiscal adjunto provincial provisional del Distrito Fiscal de la Selva Central,https://busquedas.elperuano.pe/dispositivo/NL/2550293-12,2026-09-06T01:35:07-0500
2026-09-03,,fiscal,,RESOLUCIÓN,Designan fiscal en la Fiscalía Supraprovincial Corporativa Especializada en Delitos de Corrupción de Funcionarios,https://busquedas.elperuano.pe/dispositivo/NL/2550293-5,2026-09-06T01:35:07-0500
2026-09-03,,fiscal adjunta provincial provisional,,RESOLUCIÓN,Nombran fiscal adjunta provincial provisional del Distrito Fiscal de Piura,https://busquedas.elperuano.pe/dispositivo/NL/2550293-15,2026-09-06T01:35:07-0500
2026-09-03,,fiscales,,RESOLUCIÓN,Designan fiscales en la Cuarta Fiscalía Superior Penal de Junín y en la Fiscalía Superior Penal de Tarma,https://busquedas.elperuano.pe/dispositivo/NL/2550293-6,2026-09-06T01:35:07-0500
2026-09-03,,fiscal adjunto superior provisional,,RESOLUCIÓN,Nombran fiscal adjunto superior provisional del Distrito Fiscal de Ica,https://busquedas.elperuano.pe/dispositivo/NL/2550293-10,2026-09-06T01:35:07-0500
2026-09-03,,fiscal adjunto provincial provisional,,RESOLUCIÓN,Nombran fiscal adjunto provincial provisional del Distrito Fiscal de Huánuco,https://busquedas.elperuano.pe/dispositivo/NL/2550293-14,2026-09-06T01:35:07-0500
2026-09-03,,Directora,,RESOLUCIÓN MINISTERIAL,Designan Directora de la Dirección de Promoción del Bienestar y Reconocimiento Docente de la Dirección General de Desarrollo Docente,https://busquedas.elperuano.pe/dispositivo/NL/2550363-1,2026-09-06T01:35:07-0500
2026-09-03,,Jefe,,RESOLUCIÓN DIRECTORAL,Designan Jefe de la Unidad de Recursos Humanos de la Dirección Regional de Educación de Lima Metropolitana,https://busquedas.elperuano.pe/dispositivo/NL/2549933-1,2026-09-06T01:35:07-0500
2026-09-03,,Director de Conciliación Extrajudicial y Mecanismos Alternativos de Solución de Conflictos,,RESOLUCIÓN MINISTERIAL,Designan Director de Conciliación Extrajudicial y Mecanismos Alternativos de Solución de Conflictos,https://busquedas.elperuano.pe/dispositivo/NL/2550021-1,2026-09-06T01:35:07-0500
2026-09-03,,Director General,,RESOLUCIÓN MINISTERIAL,"Designan Director General de la Oficina General de Planeamiento, Presupuesto y Modernización",https://busquedas.elperuano.pe/dispositivo/NL/2550014-1,2026-09-06T01:35:07-0500
2026-09-03,,Ejecutivo Adjunto II,,RESOLUCIÓN MINISTERIAL,Designan Ejecutivo Adjunto II de la Secretaría General del Ministerio,https://busquedas.elperuano.pe/dispositivo/NL/2550201-1,2026-09-06T01:35:07-0500
2026-09-03,,Ejecutivo Adjunto I,,RESOLUCIÓN MINISTERIAL,Designan Ejecutivo Adjunto I del Despacho Viceministerial de Salud Pública,https://busquedas.elperuano.pe/dispositivo/NL/2550005-1,2026-09-06T01:35:07-0500
2026-09-03,,Directora Ejecutiva,,RESOLUCIÓN MINISTERIAL,Designan Directora Ejecutiva de la Dirección de Inmunizaciones de la Dirección General de Intervenciones Estratégicas en Salud Pública,https://busquedas.elperuano.pe/dispositivo/NL/2550004-1,2026-09-06T01:35:07-0500
2026-09-03,,Ejecutiva Adjunta II,,RESOLUCIÓN MINISTERIAL,Designan Ejecutiva Adjunta II del Despacho Viceministerial de Salud Pública,https://busquedas.elperuano.pe/dispositivo/NL/2550002-1,2026-09-06T01:35:07-0500
2026-09-03,,Directora Ejecutiva,,RESOLUCIÓN MINISTERIAL,Designan Directora Ejecutiva de la Dirección de Intervenciones por Curso de Vida y Cuidado Integral de la Dirección General de Intervenciones Estratégicas en Salud Pública,https://busquedas.elperuano.pe/dispositivo/NL/2550007-1,2026-09-06T01:35:07-0500
2026-09-03,,Ejecutiva Adjunta II,,RESOLUCIÓN MINISTERIAL,Designan Ejecutiva Adjunta II del Despacho Viceministerial de Salud Pública,https://busquedas.elperuano.pe/dispositivo/NL/2550000-1,2026-09-06T01:35:07-0500
2026-09-03,,Asesora de Secretaría General I,,RESOLUCIÓN MINISTERIAL,Designan Asesora de Secretaría General I,https://busquedas.elperuano.pe/dispositivo/NL/2549988-1,2026-09-06T01:35:07-0500
2026-09-03,,Directora General de Promoción,,RESOLUCIÓN MINISTERIAL,Designan Directora General de Promoción del Empleo,https://busquedas.elperuano.pe/dispositivo/NL/2549986-1,2026-09-06T01:35:07-0500
2026-09-03,,Director II,,RESOLUCIÓN MINISTERIAL,"Designan Director II de la Oficina de Planeamiento de la Oficina General de Planeamiento, Presupuesto y Modernización",https://busquedas.elperuano.pe/dispositivo/NL/2550251-1,2026-09-06T01:35:07-0500
2026-09-03,Ministerio de Vivienda,representante,,RESOLUCIÓN MINISTERIAL,"Designan representante del Ministerio de Vivienda, Construcción y Saneamiento-SBN ante el Consejo Directivo del Proyecto Especial Chinecas",https://busquedas.elperuano.pe/dispositivo/NL/2550063-1,2026-09-06T01:35:07-0500
2026-09-03,Programa Sectorial II de la Sub Dirección Desconcentrada de Patrimonio Cultural,Director de Programa Sectorial II,,RESOLUCIÓN MINISTERIAL,"Designan Director de Programa Sectorial II de la Sub Dirección Desconcentrada de Patrimonio Cultural, Industrias Culturales e Interculturalidad de la Dirección Desconcentrada de Cultura de La Libertad",https://busquedas.elperuano.pe/dispositivo/NL/2550147-1,2026-09-06T01:35:07-0500
2026-09-03,Programa Nacional de Asistencia Solidaria “Pensión 65”,Asesora para la Dirección Ejecutiva,,RESOLUCIÓN,Designan Asesora para la Dirección Ejecutiva del Programa Nacional de Asistencia Solidaria “Pensión 65”,https://busquedas.elperuano.pe/dispositivo/NL/2550262-1,2026-09-06T01:35:07-0500
2026-09-03,,Ejecutivo,,RESOLUCIÓN,Designan Ejecutivo de la Jefatura Zonal Ucayali de la SUCAMEC,https://busquedas.elperuano.pe/dispositivo/NL/2550193-1,2026-09-06T01:35:07-0500
2026-09-03,,Jefe,,RESOLUCIÓN JEFATURAL,Designan Jefe de la Oficina de Tecnologías de la Información de la Central de Compras Públicas (Perú Compras),https://busquedas.elperuano.pe/dispositivo/NL/2550219-1,2026-09-06T01:35:07-0500
2026-09-03,,Asesora de Gerencia General,,RESOLUCIÓN,Designan Asesora de Gerencia General de la Agencia de Promoción de la Inversión Privada - PROINVERSIÓN,https://busquedas.elperuano.pe/dispositivo/NL/2549910-1,2026-09-06T01:35:07-0500
2026-09-03,Consejo Directivo del Instituto Tecnológico de la Producción,Secretario de Consejo Directivo,,RESOLUCIÓN,Designan Secretario de Consejo Directivo del Instituto Tecnológico de la Producción,https://busquedas.elperuano.pe/dispositivo/NL/2550318-1,2026-09-06T01:35:07-0500
2026-09-02,,Jefe,,RESOLUCIÓN JEFATURAL,Designan Jefe de la Oficina de Administración de la Biblioteca Nacional del Perú,https://busquedas.elperuano.pe/dispositivo/NL/2549810-1,2026-09-06T01:35:07-0500
2026-09-02,Ministerio de Defensa – Directora de Sistema Administrativo I,Directora,,RESOLUCIÓN MINISTERIAL,Designan Directora de la Dirección de Tesorería de la Dirección General de Administración del Ministerio de Defensa – Directora de Sistema Administrativo I,https://busquedas.elperuano.pe/dispositivo/NL/2549954-1,2026-09-06T01:35:07-0500
2026-09-02,,representante,,RESOLUCIÓN SUPREMA,Designan representante del Poder Ejecutivo ante el Directorio del Banco de la Nación,https://busquedas.elperuano.pe/dispositivo/NL/2549961-3,2026-09-06T01:35:07-0500
2026-09-02,,representante,,RESOLUCIÓN SUPREMA,Designan representante del Poder Ejecutivo ante el Directorio del Banco de la Nación,https://busquedas.elperuano.pe/dispositivo/NL/2549961-4,2026-09-06T01:35:07-0500
2026-09-02,Programa Nacional de Becas y Crédito Educativo – PRONABEC,Directora Ejecutiva,,RESOLUCIÓN MINISTERIAL,Designan Directora Ejecutiva del Programa Nacional de Becas y Crédito Educativo – PRONABEC,https://busquedas.elperuano.pe/dispositivo/NL/2549951-1,2026-09-06T01:35:07-0500
2026-09-02,,Jefe de Gestión,,RESOLUCIÓN MINISTERIAL,Designan Jefe de Gestión del Diálogo y Participación Ciudadana de la Oficina General de Gestión Social del Ministerio,https://busquedas.elperuano.pe/dispositivo/NL/2549962-1,2026-09-06T01:35:07-0500
2026-09-02,,Jefa de Control,,RESOLUCIÓN MINISTERIAL,"Designan Jefa de Control, Cumplimiento y Confianza de la Oficina de Control, Cumplimiento y Confianza de la Oficina General de Integridad Institucional del Ministerio",https://busquedas.elperuano.pe/dispositivo/NL/2549733-1,2026-09-06T01:35:07-0500
2026-09-02,,Directora Ejecutiva,,RESOLUCIÓN MINISTERIAL,"Designan Directora Ejecutiva de la Dirección de Telemedicina de la Dirección General de Telesalud, Referencia y Urgencias",https://busquedas.elperuano.pe/dispositivo/NL/2549655-1,2026-09-06T01:35:07-0500
2026-09-02,,Asesora,,RESOLUCIÓN MINISTERIAL,Designan Asesora del Despacho Viceministerial de Turismo,https://busquedas.elperuano.pe/dispositivo/NL/2549676-1,2026-09-06T01:35:07-0500
2026-09-02,,Asesor II,,RESOLUCIÓN MINISTERIAL,Designan Asesor II del Despacho Viceministerial de la Mujer,https://busquedas.elperuano.pe/dispositivo/NL/2549562-1,2026-09-06T01:35:07-0500
2026-09-02,Programa Integral Nacional para el Bienestar Familiar – INABIF,Jefa de Subunidad de Línea,,RESOLUCIÓN MINISTERIAL,"Designan Jefa de Subunidad de Línea de la Subunidad de Protección Integral de Niñas, Niños y Adolescentes de la Unidad de Servicios de Protección de Niñas, Niños y Adolescentes del Programa Integral Nacional para el Bienestar Familiar – INA",https://busquedas.elperuano.pe/dispositivo/NL/2549582-1,2026-09-06T01:35:07-0500
2026-09-02,Programa Integral Nacional para el Bienestar Familiar – INABIF,Asesor I,,RESOLUCIÓN MINISTERIAL,"Designan Asesor I de la Unidad de Servicios de Protección de Niñas, Niños y Adolescentes del Programa Integral Nacional para el Bienestar Familiar – INABIF",https://busquedas.elperuano.pe/dispositivo/NL/2549568-1,2026-09-06T01:35:07-0500
2026-09-02,,Director de Gestión y Coordinación,,RESOLUCIÓN MINISTERIAL,Designan Director de Gestión y Coordinación en Construcción y Saneamiento,https://busquedas.elperuano.pe/dispositivo/NL/2549642-1,2026-09-06T01:35:07-0500
2026-09-02,Consejo de Apelación de Sanciones,miembro suplente,,RESOLUCIÓN MINISTERIAL,Designan miembro suplente del Área Especializada Colegiada de Pesquería del Consejo de Apelación de Sanciones,https://busquedas.elperuano.pe/dispositivo/NL/2549672-1,2026-09-06T01:35:07-0500
2026-09-02,,Jefa de Administración de Recursos Humanos,,RESOLUCIÓN MINISTERIAL,Designan Jefa de Administración de Recursos Humanos de la Oficina de Administración de Recursos Humanos de la Oficina General de Recursos Humanos del Ministerio,https://busquedas.elperuano.pe/dispositivo/NL/2549856-1,2026-09-06T01:35:07-0500
2026-09-02,,Director,,RESOLUCIÓN MINISTERIAL,Designan Director de la Dirección de Cambio Climático y Biodiversidad Pesquera y Acuícola,https://busquedas.elperuano.pe/dispositivo/NL/2549666-1,2026-09-06T01:35:07-0500
2026-09-02,,Asesora,,RESOLUCIÓN JEFATURAL,Designan Asesora de la Secretaría General del Seguro Integral de Salud,https://busquedas.elperuano.pe/dispositivo/NL/2549946-1,2026-09-06T01:35:07-0500
2026-09-02,,Directora Adjunta,,RESOLUCIÓN JEFATURAL,Designan Directora Adjunta de la Oficina General de Asesoría Jurídica del Seguro Integral de Salud,https://busquedas.elperuano.pe/dispositivo/NL/2549601-1,2026-09-06T01:35:07-0500
2026-09-02,Programa Nacional de entrega de la pensión no contributiva a personas con discapacidad sev,Coordinador de Abastecimiento,,RESOLUCIÓN,Designan Coordinador de Abastecimiento de la Unidad de Administración del Programa Nacional de entrega de la pensión no contributiva a personas con discapacidad severa en situación de pobreza – CONTIGO,https://busquedas.elperuano.pe/dispositivo/NL/2549960-1,2026-09-06T01:35:07-0500
2026-09-01,,director de Conservación,,RESOLUCIÓN JEFATURAL,Designan director de Conservación del Archivo General de la Nación,https://busquedas.elperuano.pe/dispositivo/NL/2549300-1,2026-09-06T01:35:07-0500
2026-09-01,,Directora,,RESOLUCIÓN,Designan Directora de la Dirección Nacional de Investigación y Promoción de la Libre Competencia del INDECOPI,https://busquedas.elperuano.pe/dispositivo/NL/2548932-1,2026-09-06T01:35:07-0500
2026-09-01,,Directora,,RESOLUCIÓN,Designan Directora de la Oficina de Comunicaciones y Relaciones Institucionales del OSIPTEL,https://busquedas.elperuano.pe/dispositivo/NL/2549449-1,2026-09-06T01:35:07-0500
2026-09-01,,Jefe de Tecnologías,,RESOLUCIÓN,Designan Jefe de Tecnologías de la Información de la SBN,https://busquedas.elperuano.pe/dispositivo/NL/2549472-1,2026-09-06T01:35:07-0500
2026-09-01,Instituto Nacional de Radio y Televisión del Perú,Director,,RESOLUCIÓN,Designan Director de la Dirección de Operaciones del Instituto Nacional de Radio y Televisión del Perú,https://busquedas.elperuano.pe/dispositivo/NL/2549206-1,2026-09-06T01:35:07-0500
2026-09-01,,Director,,RESOLUCIÓN MINISTERIAL,Designan Director de la Dirección de Personal Civil de la Dirección General de Recursos Humanos del Ministerio,https://busquedas.elperuano.pe/dispositivo/NL/2549503-1,2026-09-06T01:35:07-0500
2026-09-01,,Asesora,,RESOLUCIÓN MINISTERIAL,Designan Asesora del Despacho Viceministerial de Economía I,https://busquedas.elperuano.pe/dispositivo/NL/2549493-1,2026-09-06T01:35:07-0500
2026-09-01,,Asesora de Secretaría General II,,RESOLUCIÓN MINISTERIAL,Designan Asesora de Secretaría General II del Ministerio,https://busquedas.elperuano.pe/dispositivo/NL/2549488-1,2026-09-06T01:35:07-0500
2026-09-01,,Director,,RESOLUCIÓN MINISTERIAL,Designan Director de la Dirección General de Política Macroeconómica y Descentralización Fiscal,https://busquedas.elperuano.pe/dispositivo/NL/2549379-1,2026-09-06T01:35:07-0500
2026-09-01,,Asesor – Secretario Ejecutivo,,RESOLUCIÓN MINISTERIAL,Designan Asesor – Secretario Ejecutivo del Despacho Viceministerial de Economía,https://busquedas.elperuano.pe/dispositivo/NL/2549385-1,2026-09-06T01:35:07-0500
2026-09-01,,Directora General,,RESOLUCIÓN MINISTERIAL,Designan Directora General de la Dirección General de Becas y Crédito Educativo,https://busquedas.elperuano.pe/dispositivo/NL/2549491-1,2026-09-06T01:35:07-0500
2026-09-01,,Asesor,,RESOLUCIÓN MINISTERIAL,Designan Asesor del Despacho Viceministerial de Seguridad Pública,https://busquedas.elperuano.pe/dispositivo/NL/2549473-1,2026-09-06T01:35:07-0500
2026-09-01,,Jefe General de Integridad Institucional,,RESOLUCIÓN MINISTERIAL,Designan Jefe General de Integridad Institucional de la Oficina General de Integridad Institucional del Ministerio,https://busquedas.elperuano.pe/dispositivo/NL/2549441-1,2026-09-06T01:35:07-0500
2026-09-01,,Asesora,,RESOLUCIÓN MINISTERIAL,Designan Asesora de la Secretaría General del Ministerio,https://busquedas.elperuano.pe/dispositivo/NL/2549450-1,2026-09-06T01:35:07-0500
2026-09-01,,Director General,,RESOLUCIÓN MINISTERIAL,Designan Director General de la Dirección General de Gestión del Riesgo de Desastres y Defensa Nacional en Salud,https://busquedas.elperuano.pe/dispositivo/NL/2549427-1,2026-09-06T01:35:07-0500
2026-09-01,,Director General,,RESOLUCIÓN MINISTERIAL,Designan Director General de la Dirección General de Intervenciones Estratégicas en Salud Pública,https://busquedas.elperuano.pe/dispositivo/NL/2549091-1,2026-09-06T01:35:07-0500
2026-09-01,,Ejecutiva Adjunta I,,RESOLUCIÓN MINISTERIAL,Designan Ejecutiva Adjunta I del Centro Nacional de Abastecimiento de Recursos Estratégicos en Salud,https://busquedas.elperuano.pe/dispositivo/NL/2549476-1,2026-09-06T01:35:07-0500
2026-09-01,,Jefa de Equipo II,,RESOLUCIÓN MINISTERIAL,Designan Jefa de Equipo II de la Oficina de Abastecimiento de la Oficina General de Administración,https://busquedas.elperuano.pe/dispositivo/NL/2549098-1,2026-09-06T01:35:07-0500
2026-09-01,,Asesor,,RESOLUCIÓN MINISTERIAL,Designan Asesor del Despacho Viceministerial de Trabajo II,https://busquedas.elperuano.pe/dispositivo/NL/2549479-1,2026-09-06T01:35:07-0500
2026-09-01,,Jefa General de Recursos Humanos,,RESOLUCIÓN MINISTERIAL,Designan Jefa General de Recursos Humanos de la Oficina General de Recursos Humanos,https://busquedas.elperuano.pe/dispositivo/NL/2549486-1,2026-09-06T01:35:07-0500
2026-09-01,Programas y Proyectos de Transportes,Directora,,RESOLUCIÓN MINISTERIAL,Designan Directora de la Dirección de Gestión en Infraestructura y Servicios de Transportes de la Dirección General de Programas y Proyectos de Transportes,https://busquedas.elperuano.pe/dispositivo/NL/2549502-1,2026-09-06T01:35:07-0500
2026-09-01,,Directora General,,RESOLUCIÓN MINISTERIAL,Designan Directora General de la Dirección General de Políticas y Regulación en Transporte Multimodal,https://busquedas.elperuano.pe/dispositivo/NL/2549280-1,2026-09-06T01:35:07-0500
2026-09-01,Programa Integral Nacional para el Bienestar Familiar - INABIF,Jefe de Unidad de Línea,,RESOLUCIÓN MINISTERIAL,Designan Jefe de Unidad de Línea de la Unidad de Asistencia Económica y Acompañamiento del Programa Integral Nacional para el Bienestar Familiar - INABIF,https://busquedas.elperuano.pe/dispositivo/NL/2549104-1,2026-09-06T01:35:07-0500
2026-09-01,,Director II,,RESOLUCIÓN MINISTERIAL,Designan Director II de la Oficina de Seguridad y Defensa Nacional de la Secretaría General del Ministerio,https://busquedas.elperuano.pe/dispositivo/NL/2549438-1,2026-09-06T01:35:07-0500
2026-09-01,,Asesora II,,RESOLUCIÓN MINISTERIAL,Designan Asesora II de la Secretaría General del Ministerio,https://busquedas.elperuano.pe/dispositivo/NL/2549068-1,2026-09-06T01:35:07-0500
2026-09-01,Programa Integral Nacional para el Bienestar Familiar - INABIF,Asesora I,,RESOLUCIÓN MINISTERIAL,Designan Asesora I de la Unidad de Administración del Programa Integral Nacional para el Bienestar Familiar - INABIF,https://busquedas.elperuano.pe/dispositivo/NL/2549443-1,2026-09-06T01:35:07-0500
2026-09-01,,Asesor II,,RESOLUCIÓN MINISTERIAL,Designan Asesor II de la Secretaría General del Ministerio,https://busquedas.elperuano.pe/dispositivo/NL/2549070-1,2026-09-06T01:35:07-0500
2026-09-01,Programa Nacional de Saneamiento Rural,Jefe de Unidad,,RESOLUCIÓN DIRECTORAL,Designan Jefe de Unidad de la Unidad Técnica de Proyectos del Programa Nacional de Saneamiento Rural,https://busquedas.elperuano.pe/dispositivo/NL/2549370-1,2026-09-06T01:35:07-0500
2026-09-01,Programa Nacional de Saneamiento Rural,Jefe de Unidad,,RESOLUCIÓN DIRECTORAL,Designan Jefe de Unidad de la Unidad de Administración del Programa Nacional de Saneamiento Rural,https://busquedas.elperuano.pe/dispositivo/NL/2549397-1,2026-09-06T01:35:07-0500
2026-09-01,,Director General,,RESOLUCIÓN JEFATURAL,Designan Director General de la Oficina General de Tecnología de la Información del Seguro Integral de Salud,https://busquedas.elperuano.pe/dispositivo/NL/2549405-1,2026-09-06T01:35:07-0500
2026-09-01,Servicio Nacional de Meteorología e Hidrología del Perú – SENAMHI,asesora de Alta Dirección para la Presidencia Ejecutiva,,RESOLUCIÓN,Designan asesora de Alta Dirección para la Presidencia Ejecutiva del Servicio Nacional de Meteorología e Hidrología del Perú – SENAMHI,https://busquedas.elperuano.pe/dispositivo/NL/2549506-1,2026-09-06T01:35:07-0500
2026-09-01,ministerio de Gestión Ambiental,Asesora de Gestión Ambiental,,RESOLUCIÓN MINISTERIAL,Designan Asesora de Gestión Ambiental del Viceministerio de Gestión Ambiental,https://busquedas.elperuano.pe/dispositivo/NL/2549125-1,2026-09-06T01:35:07-0500
2026-09-01,,Directora,,RESOLUCIÓN MINISTERIAL,Designan Directora de la Dirección General de Políticas e Instrumentos de Gestión Ambiental,https://busquedas.elperuano.pe/dispositivo/NL/2549129-1,2026-09-06T01:35:07-0500
2026-09-01,Servicio Nacional de Meteorología e Hidrología del Perú – SENAMHI,secretaria de Alta Dirección para la Presidencia Ejecutiva,,RESOLUCIÓN,Designan secretaria de Alta Dirección para la Presidencia Ejecutiva del Servicio Nacional de Meteorología e Hidrología del Perú – SENAMHI,https://busquedas.elperuano.pe/dispositivo/NL/2549368-1,2026-09-06T01:35:07-0500
2026-09-01,ministerio de Gestión Ambiental,Asesora de Gestión Ambiental,,RESOLUCIÓN MINISTERIAL,Designan Asesora de Gestión Ambiental del Viceministerio de Gestión Ambiental,https://busquedas.elperuano.pe/dispositivo/NL/2549480-1,2026-09-06T01:35:07-0500
2026-09-01,Programa Sectorial II de la Sub Dirección Desconcentrada de Patrimonio Cultural y Defensa ,Director de Programa Sectorial II,,RESOLUCIÓN MINISTERIAL,Designan Director de Programa Sectorial II de la Sub Dirección Desconcentrada de Patrimonio Cultural y Defensa del Patrimonio Cultural de la Dirección Desconcentrada de Cultura de Cusco,https://busquedas.elperuano.pe/dispositivo/NL/2549478-1,2026-09-06T01:35:07-0500
2026-09-01,Programa Sectorial II de la Sub Dirección Desconcentrada de Industrias Culturales y Artes ,Director de Programa Sectorial II,,RESOLUCIÓN MINISTERIAL,Designan Director de Programa Sectorial II de la Sub Dirección Desconcentrada de Industrias Culturales y Artes de la Dirección Desconcentrada de Cultura de Cusco,https://busquedas.elperuano.pe/dispositivo/NL/2549474-1,2026-09-06T01:35:07-0500
2026-09-01,Programa de Alimentación Escolar (PAE),Jefa,,RESOLUCIÓN,Designan Jefa de la Unidad de Recursos Humanos del Programa de Alimentación Escolar (PAE),https://busquedas.elperuano.pe/dispositivo/NL/2549273-1,2026-09-06T01:35:07-0500
2026-09-01,Superintendencia Nacional,Asesor IV,,RESOLUCIÓN,Designan Asesor IV de la Superintendencia Nacional,https://busquedas.elperuano.pe/dispositivo/NL/2549324-1,2026-09-06T01:35:07-0500
2026-09-01,,Ejecutivo,,RESOLUCIÓN,Designan Ejecutivo de la Jefatura Zonal de la Jefatura Zonal de Arequipa de MIGRACIONES,https://busquedas.elperuano.pe/dispositivo/NL/2549437-1,2026-09-06T01:35:07-0500
2026-09-01,,Jefe de Administración y Finanzas,,RESOLUCIÓN,Designan Jefe de Administración y Finanzas de la Oficina de Administración y Finanzas de MIGRACIONES,https://busquedas.elperuano.pe/dispositivo/NL/2549333-1,2026-09-06T01:35:07-0500
2026-09-01,Superintendencia Nacional de Salud,Director,,RESOLUCIÓN,Designan Director del Centro de Conciliación y Arbitraje de la Superintendencia Nacional de Salud,https://busquedas.elperuano.pe/dispositivo/NL/2549382-1,2026-09-06T01:35:07-0500
2026-09-01,,Gerente General,,RESOLUCIÓN,Designan Gerente General de la Entidad Prestadora de Servicios de Saneamiento Grau Sociedad Anónima- EPS GRAU S.A.,https://busquedas.elperuano.pe/dispositivo/NL/2549496-1,2026-09-06T01:35:07-0500
2026-09-01,,Asesor,,RESOLUCIÓN MINISTERIAL,Designan Asesor de la Secretaría General del Ministerio,https://busquedas.elperuano.pe/dispositivo/NL/2549347-1,2026-09-06T01:35:07-0500
2026-09-01,Instituto Tecnológico de la Producción,Jefe,,RESOLUCIÓN,Designan Jefe de la Oficina de Gestión de Recursos Humanos del Instituto Tecnológico de la Producción,https://busquedas.elperuano.pe/dispositivo/NL/2549418-1,2026-09-06T01:35:07-0500
2026-08-31,Organismo de Formalización de la Propiedad Informal – COFOPRI,temporalmente Jefa,,RESOLUCIÓN DIRECTORAL,Designan temporalmente Jefa de la Oficina Zonal Ucayali del Organismo de Formalización de la Propiedad Informal – COFOPRI,https://busquedas.elperuano.pe/dispositivo/NL/2548987-1,2026-09-06T01:35:07-0500
2026-08-31,,Directora,,RESOLUCIÓN MINISTERIAL,Designan Directora de la Dirección de Fortalecimiento de Capacidades de la Dirección General de Gestión Descentralizada,https://busquedas.elperuano.pe/dispositivo/NL/2548827-1,2026-09-06T01:35:07-0500
2026-08-31,,Jefa de Tesorería,,RESOLUCIÓN MINISTERIAL,Designan Jefa de Tesorería de la Oficina de Tesorería de la Oficina General de Administración del Ministerio,https://busquedas.elperuano.pe/dispositivo/NL/2548979-1,2026-09-06T01:35:07-0500
2026-08-31,Servicio Nacional de Meteorología e Hidrología del Perú – SENAMHI,asesora de Alta Dirección para la Presidencia Ejecutiva,,RESOLUCIÓN,Designan asesora de Alta Dirección para la Presidencia Ejecutiva del Servicio Nacional de Meteorología e Hidrología del Perú – SENAMHI,https://busquedas.elperuano.pe/dispositivo/NL/2548983-1,2026-09-06T01:35:07-0500
2026-08-31,Programa Nacional de Entrega de la Pensión no Contributiva a Personas con Discapacidad Sev,jefa,,RESOLUCIÓN,Designan jefa de la Unidad de Recursos Humanos del Programa Nacional de Entrega de la Pensión no Contributiva a Personas con Discapacidad Severa en Situación de Pobreza – CONTIGO,https://busquedas.elperuano.pe/dispositivo/NL/2548985-1,2026-09-06T01:35:07-0500
2026-08-31,Programa Nacional de Entrega de la Pensión no Contributiva a Personas con Discapacidad Sev,Coordinadora de Tesorería,,RESOLUCIÓN,Designan Coordinadora de Tesorería de la Unidad de Administración del Programa Nacional de Entrega de la Pensión no Contributiva a Personas con Discapacidad Severa en Situación de Pobreza – CONTIGO,https://busquedas.elperuano.pe/dispositivo/NL/2548986-1,2026-09-06T01:35:07-0500
2026-08-31,Comisión de Promoción del Perú para la Exportación y el Turismo – PROMPERÚ,Jefe,,RESOLUCIÓN,Designan Jefe de la Oficina de Recursos Humanos de la Comisión de Promoción del Perú para la Exportación y el Turismo – PROMPERÚ,https://busquedas.elperuano.pe/dispositivo/NL/2548984-1,2026-09-06T01:35:07-0500
2026-08-30,,Coordinadores de Local de Votación titulares y accesitarios de ODPE,,RESOLUCIÓN JEFATURAL,"Designan Coordinadores de Local de Votación titulares y accesitarios de ODPE, en el marco de las Elecciones Regionales y Municipales 2026",https://busquedas.elperuano.pe/dispositivo/NL/2548800-1,2026-09-06T01:35:07-0500
2026-08-30,,Director de Centros de Innovación Tecnológica de Artesanía y Turismo,,RESOLUCIÓN MINISTERIAL,Designan Director de Centros de Innovación Tecnológica de Artesanía y Turismo de la Dirección General de Artesanía,https://busquedas.elperuano.pe/dispositivo/NL/2548930-1,2026-09-06T01:35:07-0500
2026-08-30,,Asesora de Despacho Ministerial,,RESOLUCIÓN MINISTERIAL,Designan Asesora de Despacho Ministerial,https://busquedas.elperuano.pe/dispositivo/NL/2548958-1,2026-09-06T01:35:07-0500
2026-08-30,,Gerente,,RESOLUCIÓN JEFATURAL,Designan Gerente de la Gerencia del Asegurado del Seguro Integral de Salud,https://busquedas.elperuano.pe/dispositivo/NL/2548976-1,2026-09-06T01:35:07-0500
2026-08-30,,Supervisor 1,,RESOLUCIÓN,"Designan Supervisor 1 en las Divisiones de Contrataciones y de Presupuesto, de la Intendencia Nacional de Administración y de la Intendencia Nacional de Formulación de Inversiones y Finanzas",https://busquedas.elperuano.pe/dispositivo/NL/2548923-1,2026-09-06T01:35:07-0500
2026-08-30,,Intendente,,RESOLUCIÓN,Designan Intendente de la Intendencia de Promoción de Derechos en Salud,https://busquedas.elperuano.pe/dispositivo/NL/2548969-1,2026-09-06T01:35:07-0500
2026-08-29,Autoridad Nacional del Servicio Civil,Jefe,,RESOLUCIÓN,Designan Jefe del Órgano de Control Institucional de la Autoridad Nacional del Servicio Civil,https://busquedas.elperuano.pe/dispositivo/NL/2548298-1,2026-09-06T01:35:07-0500
2026-08-29,Instituto Nacional de Radio y Televisión del Perú - IRTP,Jefa,,RESOLUCIÓN,Designan Jefa del Órgano de Control Institucional del Instituto Nacional de Radio y Televisión del Perú - IRTP,https://busquedas.elperuano.pe/dispositivo/NL/2548342-1,2026-09-06T01:35:07-0500
2026-08-29,,Jefa,,RESOLUCIÓN,Designan Jefa del Órgano de Control Institucional de la Central de Compras Públicas – Perú Compras,https://busquedas.elperuano.pe/dispositivo/NL/2548310-1,2026-09-06T01:35:07-0500
2026-08-29,,fiscal provincial provisional,,RESOLUCIÓN,Nombran fiscal provincial provisional del Distrito Fiscal de Moquegua,https://busquedas.elperuano.pe/dispositivo/NL/2548452-8,2026-09-06T01:35:07-0500
2026-08-29,,fiscal adjunto provincial provisional,,RESOLUCIÓN,Nombran fiscal adjunto provincial provisional del Distrito Fiscal de Lambayeque,https://busquedas.elperuano.pe/dispositivo/NL/2548452-10,2026-09-06T01:35:07-0500
2026-08-29,,fiscal adjunta provincial provisional,,RESOLUCIÓN,Nombran fiscal adjunta provincial provisional del Distrito Fiscal de La Libertad,https://busquedas.elperuano.pe/dispositivo/NL/2548452-9,2026-09-06T01:35:07-0500
2026-08-29,,fiscal provincial provisional,,RESOLUCIÓN,Nombran fiscal provincial provisional del Distrito Fiscal de Arequipa,https://busquedas.elperuano.pe/dispositivo/NL/2548452-6,2026-09-06T01:35:07-0500
2026-08-29,Organismo de Formalización de la Propiedad Informal - COFOPRI,Jefe,,RESOLUCIÓN DIRECTORAL,Designan Jefe de la Oficina Zonal Tumbes del Organismo de Formalización de la Propiedad Informal - COFOPRI,https://busquedas.elperuano.pe/dispositivo/NL/2548857-1,2026-09-06T01:35:07-0500
2026-08-29,Instituto Nacional de Radio y Televisión del Perú,Jefe,,RESOLUCIÓN,Designan Jefe de la Unidad de Presupuesto e Inversiones del Instituto Nacional de Radio y Televisión del Perú,https://busquedas.elperuano.pe/dispositivo/NL/2548946-1,2026-09-06T01:35:07-0500
2026-08-29,Instituto Nacional de Estadística e Informática - INEI,funciones de Jefe,,RESOLUCIÓN SUPREMA,Encargan funciones de Jefe del Instituto Nacional de Estadística e Informática - INEI,https://busquedas.elperuano.pe/dispositivo/NL/2548952-3,2026-09-06T01:35:07-0500
2026-08-29,,Jefa,,RESOLUCIÓN MINISTERIAL,"Designan Jefa de la Oficina de Relaciones Interinstitucionales de la Oficina General de Comunicaciones, dependiente de la Secretaría General del Ministerio",https://busquedas.elperuano.pe/dispositivo/NL/2548852-1,2026-09-06T01:35:07-0500
2026-08-29,,Directora de Urbanismo y Desarrollo Urbano,,RESOLUCIÓN MINISTERIAL,Designan Directora de Urbanismo y Desarrollo Urbano,https://busquedas.elperuano.pe/dispositivo/NL/2548925-1,2026-09-06T01:35:07-0500
2026-08-29,ministerio de Construcción y Saneamiento,Asesor de Construcción y Saneamiento,,RESOLUCIÓN MINISTERIAL,Designan Asesor de Construcción y Saneamiento del Viceministerio de Construcción y Saneamiento,https://busquedas.elperuano.pe/dispositivo/NL/2548510-1,2026-09-06T01:35:07-0500
2026-08-29,Consejo Directivo del Instituto del Mar del Perú - IMARPE,miembro,,RESOLUCIÓN SUPREMA,"Designan miembro del Consejo Directivo del Instituto del Mar del Perú - IMARPE, en representación del Ministerio de la Producción",https://busquedas.elperuano.pe/dispositivo/NL/2548952-10,2026-09-06T01:35:07-0500
2026-08-29,,Director de Órgano Desconcentrado,,RESOLUCIÓN MINISTERIAL,Designan Director de Órgano Desconcentrado de la Dirección Desconcentrada de Cultura de Puno,https://busquedas.elperuano.pe/dispositivo/NL/2548763-1,2026-09-06T01:35:07-0500
2026-08-29,Programa Nacional Cuna Más,Ejecutiva de Gestión,,RESOLUCIÓN,Designan Ejecutiva de Gestión de la Calidad de la Unidad de Integridad y Gestión de la Calidad del Programa Nacional Cuna Más,https://busquedas.elperuano.pe/dispositivo/NL/2548880-1,2026-09-06T01:35:07-0500
2026-08-29,Programa Nacional Cuna Más,Ejecutiva de Asesoría Jurídica,,RESOLUCIÓN,Designan Ejecutiva de Asesoría Jurídica de la Unidad de Asesoría Jurídica del Programa Nacional Cuna Más,https://busquedas.elperuano.pe/dispositivo/NL/2548874-1,2026-09-06T01:35:07-0500
2026-08-29,Superintendencia Nacional de Salud,Asesor de Gerencia General,,RESOLUCIÓN,Designan Asesor de Gerencia General de la Superintendencia Nacional de Salud,https://busquedas.elperuano.pe/dispositivo/NL/2548940-1,2026-09-06T01:35:07-0500
2026-08-29,Instituto Nacional de Innovación Agraria - INIA,Presidente Ejecutivo,,RESOLUCIÓN SUPREMA,Designan Presidente Ejecutivo del Instituto Nacional de Innovación Agraria - INIA,https://busquedas.elperuano.pe/dispositivo/NL/2548952-9,2026-09-06T01:35:07-0500
2026-08-29,Programa de Desarrollo Productivo Agrario Rural – AGRO RURAL,Jefa,,RESOLUCIÓN DIRECTORAL,Designan Jefa de la Unidad Zonal Apurímac del Programa de Desarrollo Productivo Agrario Rural – AGRO RURAL,https://busquedas.elperuano.pe/dispositivo/NL/2548945-1,2026-09-06T01:35:07-0500
2026-08-28,Municipalidad Distrital de Santa Anita,responsable,,RESOLUCIÓN DE ALCALDÍA,Designan responsable del Portal de Transparencia Estándar de la Municipalidad Distrital de Santa Anita,https://busquedas.elperuano.pe/dispositivo/NL/2547811-1,2026-09-06T01:35:07-0500
2026-08-28,,fiscal adjunta provincial,,RESOLUCIÓN,Designan fiscal adjunta provincial en la Tercera Fiscalía Supraprovincial Corporativa Especializada Contra la Criminalidad Organizada,https://busquedas.elperuano.pe/dispositivo/NL/2548432-4,2026-09-06T01:35:07-0500
2026-08-28,,fiscal adjunto provincial provisional,,RESOLUCIÓN,Nombran fiscal adjunto provincial provisional del Distrito Fiscal de Lima Noroeste,https://busquedas.elperuano.pe/dispositivo/NL/2548432-8,2026-09-06T01:35:07-0500
2026-08-28,,fiscal adjunto provincial provisional,,RESOLUCIÓN,Nombran fiscal adjunto provincial provisional del Distrito Fiscal de Apurímac,https://busquedas.elperuano.pe/dispositivo/NL/2548432-10,2026-09-06T01:35:07-0500
2026-08-28,,fiscal adjunto provincial provisional,,RESOLUCIÓN,Nombran fiscal adjunto provincial provisional del Distrito Fiscal de Apurímac,https://busquedas.elperuano.pe/dispositivo/NL/2548432-11,2026-09-06T01:35:07-0500
2026-08-28,,fiscal adjunto provincial provisional,,RESOLUCIÓN,Nombran fiscal adjunto provincial provisional del Distrito Fiscal de Lima Centro,https://busquedas.elperuano.pe/dispositivo/NL/2548432-9,2026-09-06T01:35:07-0500
2026-08-28,,fiscal adjunta provincial provisional,,RESOLUCIÓN,Nombran fiscal adjunta provincial provisional del Distrito Fiscal de Lima Centro,https://busquedas.elperuano.pe/dispositivo/NL/2548432-6,2026-09-06T01:35:07-0500
2026-08-28,,fiscal adjunto provincial provisional,,RESOLUCIÓN,Nombran fiscal adjunto provincial provisional del Distrito Fiscal de Lima Centro,https://busquedas.elperuano.pe/dispositivo/NL/2548432-7,2026-09-06T01:35:07-0500
2026-08-28,,fiscales adjuntos provinciales provisionales,,RESOLUCIÓN,"Nombran fiscales adjuntos provinciales provisionales del Distrito Fiscal de Lima Centro, designándolos en la Coordinación de las Fiscalías Superiores Penales Nacionales y Fiscalías Penales Supraprovinciales Especializadas en Derechos Humano",https://busquedas.elperuano.pe/dispositivo/NL/2548432-12,2026-09-06T01:35:07-0500
2026-08-28,,Director,,RESOLUCIÓN MINISTERIAL,Designan Director de la Dirección de Abastecimiento de la Dirección General de Administración del Ministerio,https://busquedas.elperuano.pe/dispositivo/NL/2548475-1,2026-09-06T01:35:07-0500
2026-08-28,,Director General,,RESOLUCIÓN MINISTERIAL,Designan Director General de la Dirección General de Política y Estrategia del Ministerio,https://busquedas.elperuano.pe/dispositivo/NL/2548476-1,2026-09-06T01:35:07-0500
2026-08-28,,Asesor,,RESOLUCIÓN MINISTERIAL,Designan Asesor del Despacho Viceministerial de Promoción del Empleo y Capacitación Laboral I,https://busquedas.elperuano.pe/dispositivo/NL/2548050-1,2026-09-06T01:35:07-0500
2026-08-28,,Directora,,RESOLUCIÓN DIRECTORAL,Designan Directora de la Dirección de Derecho de Vía del Proyecto Especial de Infraestructura de Transporte Nacional – PROVÍAS NACIONAL,https://busquedas.elperuano.pe/dispositivo/NL/2548465-1,2026-09-06T01:35:07-0500
2026-08-28,,Directora de Gestión y Coordinación,,RESOLUCIÓN MINISTERIAL,Designan Directora de Gestión y Coordinación en Vivienda y Urbanismo,https://busquedas.elperuano.pe/dispositivo/NL/2548032-1,2026-09-06T01:35:07-0500
2026-08-28,Consejo Directivo del Programa Nacional de Innovación y Desarrollo Productivo - PROINNÓVAT,representante,,RESOLUCIÓN MINISTERIAL,Designan representante del Ministro de la Producción ante el Consejo Directivo del Programa Nacional de Innovación y Desarrollo Productivo - PROINNÓVATE,https://busquedas.elperuano.pe/dispositivo/NL/2548184-1,2026-09-06T01:35:07-0500
2026-08-28,,Gerente,,RESOLUCIÓN JEFATURAL,Designan Gerente de la Gerencia Macro Regional Sur Medio del Seguro Integral de Salud,https://busquedas.elperuano.pe/dispositivo/NL/2548023-1,2026-09-06T01:35:07-0500
2026-08-28,,Director General,,RESOLUCIÓN JEFATURAL,Designan Director General de la Oficina General de Administración de Recursos del Seguro Integral de Salud,https://busquedas.elperuano.pe/dispositivo/NL/2548478-1,2026-09-06T01:35:07-0500
2026-08-28,,Gerente,,RESOLUCIÓN JEFATURAL,Designan Gerente de la Gerencia Macro Regional Oriente del Seguro Integral de Salud,https://busquedas.elperuano.pe/dispositivo/NL/2548024-1,2026-09-06T01:35:07-0500
2026-08-28,,Gerente,,RESOLUCIÓN JEFATURAL,Designan Gerente de la Gerencia Macro Regional Centro del Seguro Integral de Salud,https://busquedas.elperuano.pe/dispositivo/NL/2548324-1,2026-09-06T01:35:07-0500
2026-08-28,,Secretaria General,,RESOLUCIÓN JEFATURAL,Designan Secretaria General del Seguro Integral de Salud,https://busquedas.elperuano.pe/dispositivo/NL/2548477-1,2026-09-06T01:35:07-0500
2026-08-28,,Director,,RESOLUCIÓN DIRECTORAL,Designan Director de la Dirección de Fiscalización y Supervisión (DFS) de la APCI y le asignan temporalmente las funciones de la Dirección de Seguimiento y Fiscalización (DSF),https://busquedas.elperuano.pe/dispositivo/NL/2548289-1,2026-09-06T01:35:07-0500
2026-08-28,Programa Nacional de Entrega de la Pensión no Contributiva a Personas con Discapacidad Sev,jefe,,RESOLUCIÓN,Designan jefe de la Unidad de Tecnologías de la Información del Programa Nacional de Entrega de la Pensión no Contributiva a Personas con Discapacidad Severa en Situación de Pobreza – CONTIGO,https://busquedas.elperuano.pe/dispositivo/NL/2548470-1,2026-09-06T01:35:07-0500
2026-08-28,Programa de Alimentación Escolar (PAE),Jefa,,RESOLUCIÓN,"Designan Jefa de la Subunidad de Contrataciones y Transferencias de la Unidad de Gestión de Contrataciones, Transferencias y Rendición de Cuentas del Programa de Alimentación Escolar (PAE)",https://busquedas.elperuano.pe/dispositivo/NL/2548459-1,2026-09-06T01:35:07-0500
2026-08-28,,Director General,,RESOLUCIÓN,Designan Director General de la Oficina General de Planeamiento y Presupuesto,https://busquedas.elperuano.pe/dispositivo/NL/2548202-1,2026-09-06T01:35:07-0500
2026-08-28,,fedatarios(as),,RESOLUCIÓN,Designan fedatarios(as) en la Intendencia Nacional de Bomberos del Perú,https://busquedas.elperuano.pe/dispositivo/NL/2548240-1,2026-09-06T01:35:07-0500
2026-08-28,Programa de Desarrollo Productivo Agrario Rural – AGRO RURAL,Jefe,,RESOLUCIÓN DIRECTORAL,Designan Jefe de la Sub Unidad de Abastecimiento de la Unidad de Administración del Programa de Desarrollo Productivo Agrario Rural – AGRO RURAL,https://busquedas.elperuano.pe/dispositivo/NL/2548458-1,2026-09-06T01:35:07-0500
2026-08-28,Programa de Desarrollo Productivo Agrario Rural – AGRO RURAL,Jefe,,RESOLUCIÓN DIRECTORAL,Designan Jefe de la Unidad Zonal Cusco del Programa de Desarrollo Productivo Agrario Rural – AGRO RURAL,https://busquedas.elperuano.pe/dispositivo/NL/2548461-1,2026-09-06T01:35:07-0500
2026-08-27,Municipalidad Distrital de San Isidro – Lima,Jefe,,RESOLUCIÓN,Designan Jefe del Órgano de Control Institucional de la Municipalidad Distrital de San Isidro – Lima,https://busquedas.elperuano.pe/dispositivo/NL/2547346-1,2026-09-06T01:35:07-0500
2026-08-27,Municipalidad Distrital de San Isidro – Lima,Jefe,,RESOLUCIÓN,Designan Jefe del Órgano de Control Institucional de la Municipalidad Distrital de San Isidro – Lima,https://busquedas.elperuano.pe/dispositivo/NL/2547346-1,2026-09-07T00:52:55-0500
2026-08-27,,fiscal adjunta provincial provisional,,RESOLUCIÓN,Nombran fiscal adjunta provincial provisional del Distrito Fiscal de Apurímac,https://busquedas.elperuano.pe/dispositivo/NL/2547855-11,2026-09-07T00:52:55-0500
2026-08-27,,fiscal provincial provisional,,RESOLUCIÓN,Nombran fiscal provincial provisional del Distrito Fiscal de Cajamarca,https://busquedas.elperuano.pe/dispositivo/NL/2547855-6,2026-09-07T00:52:55-0500
2026-08-27,,fiscal provincial provisional,,RESOLUCIÓN,Nombran fiscal provincial provisional del Distrito Fiscal de Madre de Dios,https://busquedas.elperuano.pe/dispositivo/NL/2547855-7,2026-09-07T00:52:55-0500
2026-08-27,,fiscales provinciales provisionales de los Distritos Fiscales de Lima Centro y Lima Noroes,,RESOLUCIÓN,Nombran fiscales provinciales provisionales de los Distritos Fiscales de Lima Centro y Lima Noroeste,https://busquedas.elperuano.pe/dispositivo/NL/2547855-9,2026-09-07T00:52:55-0500
2026-08-27,,fiscal provincial provisional,,RESOLUCIÓN,Nombran fiscal provincial provisional del Distrito Fiscal de Madre de Dios,https://busquedas.elperuano.pe/dispositivo/NL/2547855-8,2026-09-07T00:52:55-0500
2026-08-27,,fiscal,,RESOLUCIÓN,Designan fiscal en la Segunda Fiscalía Provincial Corporativa Transitoria Especializada en Violencia contra las Mujeres y los Integrantes del Grupo Familia de Lima,https://busquedas.elperuano.pe/dispositivo/NL/2547855-5,2026-09-07T00:52:55-0500
2026-08-27,,vocal titular,,RESOLUCIÓN,Designan vocal titular del Tribunal Administrativo de Solución de Reclamos de Usuarios (TRASU),https://busquedas.elperuano.pe/dispositivo/NL/2547051-1,2026-09-07T00:52:55-0500
2026-08-27,,ejecutiva,,RESOLUCIÓN,Designan ejecutiva de la Unidad de Contabilidad de la Oficina de Administración y Finanzas de la Sunass,https://busquedas.elperuano.pe/dispositivo/NL/2547733-1,2026-09-07T00:52:55-0500
2026-08-27,,Secretaria IV,,RESOLUCIÓN MINISTERIAL,Designan Secretaria IV del Despacho Viceministerial de Recursos para la Defensa,https://busquedas.elperuano.pe/dispositivo/NL/2548021-1,2026-09-07T00:52:55-0500
2026-08-27,Programa Nacional de Infraestructura Educativa,Coordinador de Equipo,,RESOLUCIÓN DIRECTORAL,Designan Coordinador de Equipo de la Unidad Gerencial de Estudios y Obras del Programa Nacional de Infraestructura Educativa,https://busquedas.elperuano.pe/dispositivo/NL/2547940-1,2026-09-07T00:52:55-0500
2026-08-27,Programa Nacional de Infraestructura Educativa - PRONIED,Coordinador de Equipo,,RESOLUCIÓN DIRECTORAL,Designan Coordinador de Equipo de la Unidad Gerencial de Estudios y Obras del Programa Nacional de Infraestructura Educativa - PRONIED,https://busquedas.elperuano.pe/dispositivo/NL/2547972-1,2026-09-07T00:52:55-0500
2026-08-27,Programa Nacional de Infraestructura Educativa,Director de Sistema Administrativo III,,RESOLUCIÓN DIRECTORAL,Designan Director de Sistema Administrativo III de la Unidad Gerencial de Reconstrucción frente a Desastres del Programa Nacional de Infraestructura Educativa,https://busquedas.elperuano.pe/dispositivo/NL/2547854-1,2026-09-07T00:52:55-0500
2026-08-27,,Viceministra de Salud Pública,,RESOLUCIÓN SUPREMA,Designan Viceministra de Salud Pública,https://busquedas.elperuano.pe/dispositivo/NL/2548018-5,2026-09-07T00:52:55-0500
2026-08-27,,Director General de Trabajo,,RESOLUCIÓN MINISTERIAL,Designan Director General de Trabajo de la Dirección General de Trabajo,https://busquedas.elperuano.pe/dispositivo/NL/2547989-1,2026-09-07T00:52:55-0500
2026-08-27,,Jefe de Finanzas,,RESOLUCIÓN MINISTERIAL,Designan Jefe de Finanzas de la Oficina de Finanzas de la Oficina General de Administración,https://busquedas.elperuano.pe/dispositivo/NL/2547897-1,2026-09-07T00:52:55-0500
2026-08-27,,Directora de Innovación,,RESOLUCIÓN MINISTERIAL,Designan Directora de Innovación de la Oferta Turística de la Dirección General de Estrategia Turística del Despacho Viceministerial de Turismo,https://busquedas.elperuano.pe/dispositivo/NL/2548002-1,2026-09-07T00:52:55-0500
2026-08-27,,Directora General de Artesanía,,RESOLUCIÓN MINISTERIAL,Designan Directora General de Artesanía del Despacho Viceministerial de Turismo,https://busquedas.elperuano.pe/dispositivo/NL/2548004-1,2026-09-07T00:52:55-0500
2026-08-27,,Directora General de Investigación y Estudios sobre Turismo y Artesanía,,RESOLUCIÓN MINISTERIAL,Designan Directora General de Investigación y Estudios sobre Turismo y Artesanía del Despacho Viceministerial de Turismo,https://busquedas.elperuano.pe/dispositivo/NL/2548005-1,2026-09-07T00:52:55-0500
2026-08-27,,Directora II,,RESOLUCIÓN MINISTERIAL,"Designan Directora II de la Oficina de Inversiones de la Oficina General de Planeamiento, Presupuesto y Modernización",https://busquedas.elperuano.pe/dispositivo/NL/2547788-1,2026-09-07T00:52:55-0500
2026-08-27,,Director II,,RESOLUCIÓN MINISTERIAL,Designan Director II de la Oficina de Desarrollo del Talento Humano de la Oficina General de Recursos Humanos,https://busquedas.elperuano.pe/dispositivo/NL/2547787-1,2026-09-07T00:52:55-0500
2026-08-27,,Asesora II,,RESOLUCIÓN MINISTERIAL,Designan Asesora II del Despacho Ministerial,https://busquedas.elperuano.pe/dispositivo/NL/2548010-1,2026-09-07T00:52:55-0500
2026-08-27,Programas y Proyectos en Vivienda y Urbanismo de la Dirección General de Programas y Proye,Directora,,RESOLUCIÓN MINISTERIAL,Designan Directora de la Dirección de Ejecución de Programas y Proyectos en Vivienda y Urbanismo de la Dirección General de Programas y Proyectos en Vivienda y Urbanismo,https://busquedas.elperuano.pe/dispositivo/NL/2547840-1,2026-09-07T00:52:55-0500
2026-08-27,,Jefa de Abastecimiento y Control Patrimonial,,RESOLUCIÓN MINISTERIAL,Designan Jefa de Abastecimiento y Control Patrimonial de la Oficina de Abastecimiento y Control Patrimonial de la Oficina General de Administración del Ministerio,https://busquedas.elperuano.pe/dispositivo/NL/2548012-1,2026-09-07T00:52:55-0500
2026-08-27,Programa Nacional de Saneamiento Urbano,Director Ejecutivo,,RESOLUCIÓN MINISTERIAL,Designan Director Ejecutivo del Programa Nacional de Saneamiento Urbano,https://busquedas.elperuano.pe/dispositivo/NL/2547911-1,2026-09-07T00:52:55-0500
2026-08-27,Programa Nacional de Saneamiento Rural,Director Ejecutivo,,RESOLUCIÓN MINISTERIAL,Designan Director Ejecutivo del Programa Nacional de Saneamiento Rural,https://busquedas.elperuano.pe/dispositivo/NL/2547907-1,2026-09-07T00:52:55-0500
2026-08-27,Consejo Directivo del Instituto Nacional de Calidad - INACAL,miembro,,RESOLUCIÓN SUPREMA,"Designan miembro del Consejo Directivo del Instituto Nacional de Calidad - INACAL, en representación del Ministerio del Ambiente",https://busquedas.elperuano.pe/dispositivo/NL/2548018-6,2026-09-07T00:52:55-0500
2026-08-27,Programa Nacional Cuna Más,Ejecutiva de Comunicaciones,,RESOLUCIÓN,Designan Ejecutiva de Comunicaciones de la Unidad de Comunicaciones del Programa Nacional Cuna Más,https://busquedas.elperuano.pe/dispositivo/NL/2547849-1,2026-09-07T00:52:55-0500
2026-08-27,,Ejecutiva,,RESOLUCIÓN,Designan Ejecutiva de la Unidad de Recursos Humanos del FONCODES,https://busquedas.elperuano.pe/dispositivo/NL/2547944-1,2026-09-07T00:52:55-0500
2026-08-27,,Directora,,RESOLUCIÓN MINISTERIAL,Designan Directora de la Dirección de Calidad y Mejora Continua de la Gestión de las Prestaciones Sociales de la Dirección General de Calidad de la Gestión de las Prestaciones Sociales,https://busquedas.elperuano.pe/dispositivo/NL/2547935-1,2026-09-07T00:52:55-0500
2026-08-27,,Ejecutivo,,RESOLUCIÓN,Designan Ejecutivo de la Unidad de Asesoría Jurídica del FONCODES,https://busquedas.elperuano.pe/dispositivo/NL/2547949-1,2026-09-07T00:52:55-0500
2026-08-27,Programa Nacional Cuna Más,Ejecutivo de Tecnologías,,RESOLUCIÓN,Designan Ejecutivo de Tecnologías de la Información de la Unidad de Tecnologías de la Información del Programa Nacional Cuna Más,https://busquedas.elperuano.pe/dispositivo/NL/2548007-1,2026-09-07T00:52:55-0500
2026-08-27,Programa Nacional de Entrega de la Pensión no Contributiva a Personas con Discapacidad Sev,jefa,,RESOLUCIÓN,Designan jefa de la Unidad de Administración de la Información del Programa Nacional de Entrega de la Pensión no Contributiva a Personas con Discapacidad Severa en Situación de Pobreza – CONTIGO,https://busquedas.elperuano.pe/dispositivo/NL/2547931-1,2026-09-07T00:52:55-0500
2026-08-27,Programa de Alimentación Escolar (PAE),Jefa,,RESOLUCIÓN,Designan Jefa de la Unidad de Comunicación Estratégica del Programa de Alimentación Escolar (PAE),https://busquedas.elperuano.pe/dispositivo/NL/2547882-1,2026-09-07T00:52:55-0500
2026-08-27,Programa Nacional Cuna Más,Ejecutiva de Atención Integral,,RESOLUCIÓN,Designan Ejecutiva de Atención Integral de la Unidad Técnica de Atención Integral del Programa Nacional Cuna Más,https://busquedas.elperuano.pe/dispositivo/NL/2547848-1,2026-09-07T00:52:55-0500
2026-08-27,Superintendencia Nacional Adjunta de Administración y Finanzas,en cargos de confianza dependientes,,RESOLUCIÓN,Designan en cargos de confianza dependientes de la Superintendencia Nacional Adjunta de Administración y Finanzas,https://busquedas.elperuano.pe/dispositivo/NL/2547550-1,2026-09-07T00:52:55-0500
2026-08-27,Superintendencia Nacional de Migraciones – MIGRACIONES,Gerente General,,RESOLUCIÓN,Designan Gerente General de la Gerencia General de la Superintendencia Nacional de Migraciones – MIGRACIONES,https://busquedas.elperuano.pe/dispositivo/NL/2547996-1,2026-09-07T00:52:55-0500
2026-08-27,,Ejecutivo,,RESOLUCIÓN,Designan Ejecutivo de la Jefatura Zonal Piura de la SUCAMEC,https://busquedas.elperuano.pe/dispositivo/NL/2547844-1,2026-09-07T00:52:55-0500
2026-08-27,,Jefe,,RESOLUCIÓN,Designan Jefe de la Oficina de Planeamiento y Presupuesto de PROMPERÚ,https://busquedas.elperuano.pe/dispositivo/NL/2547822-1,2026-09-07T00:52:55-0500
2026-08-27,,Director,,RESOLUCIÓN,Designan Director de la Dirección de Planificación para el Desarrollo Corporativo del OTASS,https://busquedas.elperuano.pe/dispositivo/NL/2547903-1,2026-09-07T00:52:55-0500
2026-08-27,Programa Subsectorial de Irrigaciones,Asesor,,RESOLUCIÓN DIRECTORAL,Designan Asesor de la Dirección Ejecutiva del Programa Subsectorial de Irrigaciones,https://busquedas.elperuano.pe/dispositivo/NL/2547902-1,2026-09-07T00:52:55-0500
2026-08-27,Instituto Tecnológico de la Producción,Asesor,,RESOLUCIÓN,Designan Asesor de la Dirección Ejecutiva del Instituto Tecnológico de la Producción,https://busquedas.elperuano.pe/dispositivo/NL/2547951-1,2026-09-07T00:52:55-0500
2026-08-26,Organismo Supervisor de la Inversión en Energía y Minería – Osinergmin,Secretario Técnico de los Órganos Resolutivos,,RESOLUCIÓN,Designan Secretario Técnico de los Órganos Resolutivos del Organismo Supervisor de la Inversión en Energía y Minería – Osinergmin,https://busquedas.elperuano.pe/dispositivo/NL/2547478-1,2026-09-07T00:52:55-0500
2026-08-26,Organismo de Formalización de la Propiedad Informal – COFOPRI,Director,,RESOLUCIÓN DIRECTORAL,Designan Director de la Dirección de Catastro del Organismo de Formalización de la Propiedad Informal – COFOPRI,https://busquedas.elperuano.pe/dispositivo/NL/2547365-1,2026-09-07T00:52:55-0500
2026-08-26,Consejo de Minería,Vocal Titular,,RESOLUCIÓN SUPREMA,Nombran Vocal Titular del Consejo de Minería,https://busquedas.elperuano.pe/dispositivo/NL/2547507-4,2026-09-07T00:52:55-0500
2026-08-26,,Director de Diálogo y Articulación Social,,RESOLUCIÓN MINISTERIAL,Designan Director de Diálogo y Articulación Social de la Dirección de Diálogo y Articulación Social de la Dirección General de Orden Público,https://busquedas.elperuano.pe/dispositivo/NL/2547355-1,2026-09-07T00:52:55-0500
2026-08-26,,Asesor de Alta Dirección,,RESOLUCIÓN MINISTERIAL,Designan Asesor de Alta Dirección del Despacho Viceministerial de Derechos Humanos y Acceso a la Justicia,https://busquedas.elperuano.pe/dispositivo/NL/2547331-1,2026-09-07T00:52:55-0500
2026-08-26,,Cónsul Honorario,,RESOLUCIÓN SUPREMA,"Nombran Cónsul Honorario del Perú en Gotemburgo, Reino de Suecia, con jurisdicción consular en Bohuslän, Dasland, Halland, Östergötland, Småland y Västergötland",https://busquedas.elperuano.pe/dispositivo/NL/2547507-3,2026-09-07T00:52:55-0500
2026-08-26,,Gerente General,,RESOLUCIÓN JEFATURAL,Designan Gerente General del Centro de Formación en Turismo – CENFOTUR,https://busquedas.elperuano.pe/dispositivo/NL/2547305-1,2026-09-07T00:52:55-0500
2026-08-26,,Secretaria General,,RESOLUCIÓN MINISTERIAL,Designan Secretaria General del Ministerio,https://busquedas.elperuano.pe/dispositivo/NL/2547504-1,2026-09-07T00:52:55-0500
2026-08-26,,Jefe General de Monitoreo y Evaluación de Impacto,,RESOLUCIÓN MINISTERIAL,Designan Jefe General de Monitoreo y Evaluación de Impacto de la Oficina General de Monitoreo y Evaluación del Impacto,https://busquedas.elperuano.pe/dispositivo/NL/2547080-1,2026-09-07T00:52:55-0500
2026-08-26,Autoridad Nacional del Agua,Asesor de Gerencia General,,RESOLUCIÓN JEFATURAL,Designan Asesor de Gerencia General de la Autoridad Nacional del Agua,https://busquedas.elperuano.pe/dispositivo/NL/2547501-1,2026-09-07T00:52:55-0500
2026-08-26,,Director de Órgano Desconcentrado,,RESOLUCIÓN MINISTERIAL,Designan Director de Órgano Desconcentrado de la Dirección Desconcentrada de Cultura de Ayacucho,https://busquedas.elperuano.pe/dispositivo/NL/2547314-1,2026-09-07T00:52:55-0500
2026-08-26,Programa Nacional Cuna Más,Ejecutiva Operativa de Atención Integral,,RESOLUCIÓN,Designan Ejecutiva Operativa de Atención Integral de la Unidad Operativa de Atención Integral del Programa Nacional Cuna Más,https://busquedas.elperuano.pe/dispositivo/NL/2547496-1,2026-09-07T00:52:55-0500
2026-08-26,Programa Nacional “Plataformas de Acción para la Inclusión Social – PAIS”,Director Ejecutivo,,RESOLUCIÓN MINISTERIAL,Designan Director Ejecutivo del Programa Nacional “Plataformas de Acción para la Inclusión Social – PAIS”,https://busquedas.elperuano.pe/dispositivo/NL/2547293-1,2026-09-07T00:52:55-0500
2026-08-26,Programa Nacional de Entrega de la Pensión no Contributiva a Personas con Discapacidad Sev,Asesora de Dirección Ejecutiva,,RESOLUCIÓN,Designan Asesora de Dirección Ejecutiva del Programa Nacional de Entrega de la Pensión no Contributiva a Personas con Discapacidad Severa en Situación de Pobreza – CONTIGO,https://busquedas.elperuano.pe/dispositivo/NL/2547505-1,2026-09-07T00:52:55-0500
2026-08-26,Programa Nacional Cuna Más,Ejecutivo de Planeamiento,,RESOLUCIÓN,"Designan Ejecutivo de Planeamiento, Presupuesto y Modernización de la Unidad de Planeamiento, Presupuesto y Modernización del Programa Nacional Cuna Más",https://busquedas.elperuano.pe/dispositivo/NL/2547499-1,2026-09-07T00:52:55-0500
2026-08-26,,Ejecutivo,,RESOLUCIÓN,Designan Ejecutivo de la Jefatura Zonal Puno de la SUCAMEC,https://busquedas.elperuano.pe/dispositivo/NL/2547426-1,2026-09-07T00:52:55-0500
2026-08-26,,Gerente General,,RESOLUCIÓN,Designan Gerente General de la SUCAMEC,https://busquedas.elperuano.pe/dispositivo/NL/2547295-1,2026-09-07T00:52:55-0500
2026-08-26,,Subdirectora,,RESOLUCIÓN,Designan Subdirectora de la Subdirección de Gestión de la Integración de Prestadores de la Dirección de Fortalecimiento de Prestadores,https://busquedas.elperuano.pe/dispositivo/NL/2547502-1,2026-09-07T00:52:55-0500
2026-08-26,,Jefa,,RESOLUCIÓN JEFATURAL,Designan Jefa de la Oficina de Administración de la Central de Compras Públicas (Perú Compras),https://busquedas.elperuano.pe/dispositivo/NL/2547337-1,2026-09-07T00:52:55-0500
2026-08-26,,Asesor I,,RESOLUCIÓN,Designan Asesor I de la Oficina de Administración de la Intendencia Nacional de Bomberos del Perú,https://busquedas.elperuano.pe/dispositivo/NL/2547335-1,2026-09-07T00:52:55-0500
2026-08-26,,Asesora,,RESOLUCIÓN DIRECTORAL,Designan Asesora de la Dirección Ejecutiva de AGRO RURAL,https://busquedas.elperuano.pe/dispositivo/NL/2547471-1,2026-09-07T00:52:55-0500
2026-08-26,,Jefe,,RESOLUCIÓN DIRECTORAL,Designan Jefe de la Sub Unidad de Cadenas de Valor Ganadero de la Unidad de Cadena de Valor Agrícola y Ganadera de AGRO RURAL,https://busquedas.elperuano.pe/dispositivo/NL/2547494-1,2026-09-07T00:52:55-0500
2026-08-26,,Ejecutiva,,RESOLUCIÓN,Designan Ejecutiva de la Unidad de Comunicaciones de la Gerencia General del OECE,https://busquedas.elperuano.pe/dispositivo/NL/2547503-1,2026-09-07T00:52:55-0500
2026-08-25,,fiscales,,RESOLUCIÓN,Designan fiscales en la Tercera Fiscalía Provincial Penal Corporativa del Santa y en la Primera Fiscalía Provincial Penal Corporativa de Nuevo Chimbote,https://busquedas.elperuano.pe/dispositivo/NL/2546907-1,2026-09-07T00:52:55-0500
2026-08-25,,fiscal adjunta provincial provisional,,RESOLUCIÓN,Nombran fiscal adjunta provincial provisional del Distrito Fiscal de Cajamarca,https://busquedas.elperuano.pe/dispositivo/NL/2546907-5,2026-09-07T00:52:55-0500
2026-08-25,,fiscal adjunto provincial provisional,,RESOLUCIÓN,Nombran fiscal adjunto provincial provisional del Distrito Fiscal de Lima Centro,https://busquedas.elperuano.pe/dispositivo/NL/2546907-4,2026-09-07T00:52:55-0500
2026-08-25,,fiscal adjunto provincial provisional,,RESOLUCIÓN,Nombran fiscal adjunto provincial provisional del Distrito Fiscal de Cajamarca,https://busquedas.elperuano.pe/dispositivo/NL/2546907-3,2026-09-07T00:52:55-0500
2026-08-25,,fiscales,,RESOLUCIÓN,Designan fiscales del Distrito Fiscal de Lima Centro,https://busquedas.elperuano.pe/dispositivo/NL/2546907-2,2026-09-07T00:52:55-0500
2026-08-25,Ministerio de Defensa - Director de Programa Sectorial II,Director General,,RESOLUCIÓN MINISTERIAL,Designan Director General de la Dirección General de Relaciones Internacionales del Ministerio de Defensa - Director de Programa Sectorial II,https://busquedas.elperuano.pe/dispositivo/NL/2546869-1,2026-09-07T00:52:55-0500
2026-08-25,Ministerio de Defensa – Director de Sistema Administrativo II,Director General,,RESOLUCIÓN MINISTERIAL,Designan Director General de la Dirección General de Administración del Ministerio de Defensa – Director de Sistema Administrativo II,https://busquedas.elperuano.pe/dispositivo/NL/2546852-1,2026-09-07T00:52:55-0500
2026-08-25,,Asesor,,RESOLUCIÓN MINISTERIAL,Designan Asesor del Despacho Viceministerial de Economía II,https://busquedas.elperuano.pe/dispositivo/NL/2546894-1,2026-09-07T00:52:55-0500
2026-08-25,,Directora,,RESOLUCIÓN MINISTERIAL,Designan Directora de la Dirección de Educación Inicial de la Dirección General de Educación Básica Regular,https://busquedas.elperuano.pe/dispositivo/NL/2546989-1,2026-09-07T00:52:55-0500
2026-08-25,,Jefe de Servicios de Tecnología y Comunicaciones,,RESOLUCIÓN MINISTERIAL,Designan Jefe de Servicios de Tecnología y Comunicaciones de la Oficina General de Tecnologías de la Información y Comunicaciones,https://busquedas.elperuano.pe/dispositivo/NL/2546942-1,2026-09-07T00:52:55-0500
2026-08-25,,Jefe de Gestión de Gobierno Digital,,RESOLUCIÓN MINISTERIAL,Designan Jefe de Gestión de Gobierno Digital de la Oficina de Gestión de Gobierno Digital,https://busquedas.elperuano.pe/dispositivo/NL/2546928-1,2026-09-07T00:52:55-0500
2026-08-25,Ministerio del Interior ante el Consejo Directivo del Programa Nacional de Bienes Incautad,representante,,RESOLUCIÓN MINISTERIAL,Designan representante del Ministerio del Interior ante el Consejo Directivo del Programa Nacional de Bienes Incautados – PRONABI,https://busquedas.elperuano.pe/dispositivo/NL/2546949-1,2026-09-07T00:52:55-0500
2026-08-25,,Jefe de Soluciones Informáticas y Gestión de Proyectos,,RESOLUCIÓN MINISTERIAL,Designan Jefe de Soluciones Informáticas y Gestión de Proyectos de la Oficina General de Tecnologías de la Información y Comunicaciones,https://busquedas.elperuano.pe/dispositivo/NL/2546935-1,2026-09-07T00:52:55-0500
2026-08-25,,Jefe de Oficina General,,RESOLUCIÓN MINISTERIAL,Designan Jefe de Oficina General de la Oficina General de Comunicación Estratégica y Proyección de Imagen Internacional,https://busquedas.elperuano.pe/dispositivo/NL/2546728-1,2026-09-07T00:52:55-0500
2026-08-25,,Asesor de Secretaría General I,,RESOLUCIÓN MINISTERIAL,Designan Asesor de Secretaría General I,https://busquedas.elperuano.pe/dispositivo/NL/2546899-1,2026-09-07T00:52:55-0500
2026-08-25,,Jefa de Gestión,,RESOLUCIÓN MINISTERIAL,Designan Jefa de Gestión del Talento Humano de la Oficina de Gestión del Talento Humano de la Oficina General de Recursos Humanos,https://busquedas.elperuano.pe/dispositivo/NL/2546927-1,2026-09-07T00:52:55-0500
2026-08-25,,Asesora,,RESOLUCIÓN MINISTERIAL,Designan Asesora de la Secretaría General,https://busquedas.elperuano.pe/dispositivo/NL/2546790-1,2026-09-07T00:52:55-0500
2026-08-25,Consejo Directivo del Instituto del Mar del Perú - IMARPE,miembro,,RESOLUCIÓN SUPREMA,Designan miembro del Consejo Directivo del Instituto del Mar del Perú - IMARPE,https://busquedas.elperuano.pe/dispositivo/NL/2547000-4,2026-09-07T00:52:55-0500
2026-08-25,,Director General,,RESOLUCIÓN JEFATURAL,Designan Director General de la Oficina General de Asesoría Jurídica del Seguro Integral de Salud,https://busquedas.elperuano.pe/dispositivo/NL/2546983-1,2026-09-07T00:52:55-0500
2026-08-25,,Asesor de Secretaría General,,RESOLUCIÓN MINISTERIAL,Designan Asesor de Secretaría General,https://busquedas.elperuano.pe/dispositivo/NL/2546813-1,2026-09-07T00:52:55-0500
2026-08-25,Programa Nacional de Apoyo Directo a los Más Pobres “JUNTOS”,Coordinador Técnico,,RESOLUCIÓN,Designan Coordinador Técnico de la Dirección Ejecutiva del Programa Nacional de Apoyo Directo a los Más Pobres “JUNTOS”,https://busquedas.elperuano.pe/dispositivo/NL/2546808-1,2026-09-07T00:52:55-0500
2026-08-25,Programa Nacional de Entrega de la Pensión no Contributiva a Personas con Discapacidad Sev,jefa,,RESOLUCIÓN,Designan jefa de la Unidad de Asesoría Jurídica del Programa Nacional de Entrega de la Pensión no Contributiva a Personas con Discapacidad Severa en Situación de Pobreza – CONTIGO,https://busquedas.elperuano.pe/dispositivo/NL/2546999-1,2026-09-07T00:52:55-0500
2026-08-25,Programa Nacional de Apoyo Directo a los Más Pobres “JUNTOS”,Asesora,,RESOLUCIÓN,Designan Asesora de la Dirección Ejecutiva del Programa Nacional de Apoyo Directo a los Más Pobres “JUNTOS”,https://busquedas.elperuano.pe/dispositivo/NL/2546997-1,2026-09-07T00:52:55-0500
2026-08-25,Programa Nacional de Apoyo Directo a los Más Pobres “JUNTOS”,Ejecutivo de Planeamiento,,RESOLUCIÓN,"Designan Ejecutivo de Planeamiento, Presupuesto y Modernización de la Unidad de Planeamiento, Presupuesto y Modernización del Programa Nacional de Apoyo Directo a los Más Pobres “JUNTOS”",https://busquedas.elperuano.pe/dispositivo/NL/2546824-1,2026-09-07T00:52:55-0500
2026-08-25,Programa Nacional de Apoyo Directo a los Más Pobres “JUNTOS”,Coordinadora de Contabilidad,,RESOLUCIÓN,Designan Coordinadora de Contabilidad de la Unidad de Administración del Programa Nacional de Apoyo Directo a los Más Pobres “JUNTOS”,https://busquedas.elperuano.pe/dispositivo/NL/2546839-1,2026-09-07T00:52:55-0500
2026-08-25,,Jefe de Planeamiento y Presupuesto,,RESOLUCIÓN,Designan Jefe de Planeamiento y Presupuesto de la SUCAMEC,https://busquedas.elperuano.pe/dispositivo/NL/2546856-1,2026-09-07T00:52:55-0500
2026-08-25,,Ejecutivo,,RESOLUCIÓN,Designan Ejecutivo de la Jefatura Zonal Arequipa de la SUCAMEC,https://busquedas.elperuano.pe/dispositivo/NL/2546914-1,2026-09-07T00:52:55-0500
2026-08-24,,Sub Directora,,RESOLUCIÓN JEFATURAL,Designan Sub Directora de la Sub Dirección de Servicios al Ciudadano de la Dirección de Servicios Registrales del Registro Nacional de Identificación y Estado Civil,https://busquedas.elperuano.pe/dispositivo/NL/2546550-1,2026-09-07T00:52:55-0500
2026-08-24,Organismo Supervisor de Inversión Privada en Telecomunicaciones - OSIPTEL,Director(a),,RESOLUCIÓN,Designan Director(a) de la Oficina de Tecnologías de la Información del Organismo Supervisor de Inversión Privada en Telecomunicaciones - OSIPTEL,https://busquedas.elperuano.pe/dispositivo/NL/2546544-1,2026-09-07T00:52:55-0500
2026-08-24,Organismo Supervisor de Inversión Privada en Telecomunicaciones - OSIPTEL,Director(a),,RESOLUCIÓN,Designan Director(a) de la Dirección de Atención y Protección del Usuario del Organismo Supervisor de Inversión Privada en Telecomunicaciones - OSIPTEL,https://busquedas.elperuano.pe/dispositivo/NL/2546546-1,2026-09-07T00:52:55-0500
2026-08-24,Organismo Supervisor de Inversión Privada en Telecomunicaciones - OSIPTEL,Director(a),,RESOLUCIÓN,Designan Director(a) de la Dirección de Fiscalización e Instrucción del Organismo Supervisor de Inversión Privada en Telecomunicaciones - OSIPTEL,https://busquedas.elperuano.pe/dispositivo/NL/2546545-1,2026-09-07T00:52:55-0500
2026-08-24,Organismo Supervisor de Inversión Privada en Telecomunicaciones - OSIPTEL,Director(a),,RESOLUCIÓN,Designan Director(a) de la Oficina de Asesoría Jurídica del Organismo Supervisor de Inversión Privada en Telecomunicaciones - OSIPTEL,https://busquedas.elperuano.pe/dispositivo/NL/2546548-1,2026-09-07T00:52:55-0500
2026-08-24,Ministerio de Economía y Finanzas,Jefe,,RESOLUCIÓN MINISTERIAL,Designan Jefe de la Oficina General de Tecnologías de la Información del Ministerio de Economía y Finanzas,https://busquedas.elperuano.pe/dispositivo/NL/2546557-1,2026-09-07T00:52:55-0500
2026-08-24,Ministerio de Educación,Jefa,,RESOLUCIÓN MINISTERIAL,"Designan Jefa de la Oficina General de Cooperación y Asuntos Internacionales, dependiente de la Secretaría General del Ministerio de Educación",https://busquedas.elperuano.pe/dispositivo/NL/2546561-1,2026-09-07T00:52:55-0500
2026-08-24,,Directora,,RESOLUCIÓN MINISTERIAL,Designan Directora de la Dirección de Servicios de Educación Técnico-Productiva y Superior Tecnológica y Artística,https://busquedas.elperuano.pe/dispositivo/NL/2546106-1,2026-09-07T00:52:55-0500
2026-08-24,,Directora,,RESOLUCIÓN MINISTERIAL,Designan Directora de la Dirección de Educación Básica para Estudiantes con Desempeño Sobresaliente y Alto Rendimiento,https://busquedas.elperuano.pe/dispositivo/NL/2546107-1,2026-09-07T00:52:55-0500
2026-08-24,Ministerio del Interior,Asesor,,RESOLUCIÓN MINISTERIAL,Designan Asesor del Despacho Ministerial del Ministerio del Interior,https://busquedas.elperuano.pe/dispositivo/NL/2546565-1,2026-09-07T00:52:55-0500
2026-08-24,Ministerio de Trabajo y Promoción del Empleo,Jefe General de Estadística y Tecnologías,,RESOLUCIÓN MINISTERIAL,Designan Jefe General de Estadística y Tecnologías de la Información y Comunicaciones de la Oficina General de Estadística y Tecnologías de la Información y Comunicaciones del Ministerio de Trabajo y Promoción del Empleo,https://busquedas.elperuano.pe/dispositivo/NL/2546553-1,2026-09-07T00:52:55-0500
2026-08-24,Programa Nacional de Telecomunicaciones - PRONATEL del Ministerio de Transportes y Comunic,Director Ejecutivo,,RESOLUCIÓN MINISTERIAL,Designan Director Ejecutivo del Programa Nacional de Telecomunicaciones - PRONATEL del Ministerio de Transportes y Comunicaciones,https://busquedas.elperuano.pe/dispositivo/NL/2546559-1,2026-09-07T00:52:55-0500
2026-08-24,,Directora II,,RESOLUCIÓN MINISTERIAL,"Designan Directora II de la Oficina de Gestión Descentralizada de la Oficina General de Monitoreo, Evaluación de Políticas y Gestión Descentralizada",https://busquedas.elperuano.pe/dispositivo/NL/2546353-1,2026-09-07T00:52:55-0500
2026-08-24,Programa Integral Nacional para el Bienestar Familiar – INABIF del Ministerio de la Mujer ,Jefa de Unidad de Apoyo,,RESOLUCIÓN MINISTERIAL,Designan Jefa de Unidad de Apoyo de la Unidad de Comunicación e Imagen del Programa Integral Nacional para el Bienestar Familiar – INABIF del Ministerio de la Mujer y Poblaciones Vulnerables,https://busquedas.elperuano.pe/dispositivo/NL/2546563-1,2026-09-07T00:52:55-0500
2026-08-24,Programa Integral Nacional para el Bienestar Familiar - INABIF del Ministerio de la Mujer ,Jefa de Subunidad de Apoyo,,RESOLUCIÓN MINISTERIAL,Designan Jefa de Subunidad de Apoyo de la Subunidad Financiera de la Unidad de Administración del Programa Integral Nacional para el Bienestar Familiar - INABIF del Ministerio de la Mujer y Poblaciones Vulnerables,https://busquedas.elperuano.pe/dispositivo/NL/2546564-1,2026-09-07T00:52:55-0500
2026-08-24,Ministerio de la Producción,Jefe General de Administración,,RESOLUCIÓN MINISTERIAL,Designan Jefe General de Administración de la Oficina General de Administración del Ministerio de la Producción,https://busquedas.elperuano.pe/dispositivo/NL/2546554-1,2026-09-07T00:52:55-0500
2026-08-24,Ministerio del Ambiente,Director,,RESOLUCIÓN MINISTERIAL,Designan Director de la Dirección General de Ordenamiento Territorial y de la Gestión Integrada de los Recursos Naturales del Ministerio del Ambiente,https://busquedas.elperuano.pe/dispositivo/NL/2546555-1,2026-09-07T00:52:55-0500
2026-08-24,Programa Nacional de Conservación de Bosques para la Mitigación del Cambio Climático del M,puesto de Coordinador Ejecutivo,,RESOLUCIÓN MINISTERIAL,Encargan puesto de Coordinador Ejecutivo del Programa Nacional de Conservación de Bosques para la Mitigación del Cambio Climático del Ministerio del Ambiente,https://busquedas.elperuano.pe/dispositivo/NL/2546562-1,2026-09-07T00:52:55-0500
2026-08-24,Ministerio del Ambiente,Jefe,,RESOLUCIÓN MINISTERIAL,Designan Jefe de la Oficina General de Planeamiento y Presupuesto del Ministerio del Ambiente,https://busquedas.elperuano.pe/dispositivo/NL/2546556-1,2026-09-07T00:52:55-0500
2026-08-24,,Jefa,,RESOLUCIÓN MINISTERIAL,"Designan Jefa de la Oficina General de Planeamiento, Presupuesto y Modernización",https://busquedas.elperuano.pe/dispositivo/NL/2546444-1,2026-09-07T00:52:55-0500
2026-08-24,Superintendencia Nacional de Migraciones - MIGRACIONES,Ejecutivo,,RESOLUCIÓN,Designan Ejecutivo de la Jefatura Zonal de la Jefatura Zonal de Cusco de la Superintendencia Nacional de Migraciones - MIGRACIONES,https://busquedas.elperuano.pe/dispositivo/NL/2546547-1,2026-09-07T00:52:55-0500
2026-08-23,,Jefe,,RESOLUCIÓN,Designan Jefe de la Oficina de Tecnologías de la Información y Estadística del Archivo General de la Nación,https://busquedas.elperuano.pe/dispositivo/NL/2546495-1,2026-09-07T00:52:55-0500
2026-08-23,Instituto Peruano del Deporte,Jefa de Información y Comunicaciones,,RESOLUCIÓN,Designan Jefa de Información y Comunicaciones del Instituto Peruano del Deporte,https://busquedas.elperuano.pe/dispositivo/NL/2546510-1,2026-09-07T00:52:55-0500
2026-08-23,Autoridad Nacional de Infraestructura,Director,,RESOLUCIÓN JEFATURAL,Designan Director de la Dirección de Estudios y Obras y Ejecutivo de la Subdirección de Ejecución Contractual de Inversiones de la Dirección de Adquisiciones para Infraestructura de la Autoridad Nacional de Infraestructura,https://busquedas.elperuano.pe/dispositivo/NL/2546498-1,2026-09-07T00:52:55-0500
2026-08-23,,Asesora de Secretaría General,,RESOLUCIÓN MINISTERIAL,Designan Asesora de Secretaría General del Ministerio,https://busquedas.elperuano.pe/dispositivo/NL/2546518-1,2026-09-07T00:52:55-0500
2026-08-23,,Jefa General de Comunicaciones,,RESOLUCIÓN MINISTERIAL,Designan Jefa General de Comunicaciones de la Oficina General de Comunicaciones,https://busquedas.elperuano.pe/dispositivo/NL/2546516-1,2026-09-07T00:52:55-0500
2026-08-23,,Jefa de Contabilidad,,RESOLUCIÓN MINISTERIAL,Designan Jefa de Contabilidad de la Oficina de Contabilidad de la Oficina General de Administración,https://busquedas.elperuano.pe/dispositivo/NL/2546487-1,2026-09-07T00:52:55-0500
2026-08-23,,Director de Órgano Desconcentrado,,RESOLUCIÓN MINISTERIAL,Designan Director de Órgano Desconcentrado de la Dirección Desconcentrada de Cultura de La Libertad y en adición a sus funciones lo designan como Director del Proyecto Especial Complejo Arqueológico Chan Chan y Responsable de la Unidad Ejec,https://busquedas.elperuano.pe/dispositivo/NL/2546502-1,2026-09-07T00:52:55-0500
2026-08-23,,Director de Órgano Desconcentrado,,RESOLUCIÓN MINISTERIAL,Designan Director de Órgano Desconcentrado de la Dirección Desconcentrada de Cultura de San Martín,https://busquedas.elperuano.pe/dispositivo/NL/2546503-1,2026-09-07T00:52:55-0500
2026-08-23,,Director de Órgano Desconcentrado,,RESOLUCIÓN MINISTERIAL,Designan Director de Órgano Desconcentrado de la Dirección Desconcentrada de Cultura de Piura,https://busquedas.elperuano.pe/dispositivo/NL/2546501-1,2026-09-07T00:52:55-0500
2026-08-23,,Ejecutivo,,RESOLUCIÓN,Designan Ejecutivo de la Jefatura Zonal de Pucallpa,https://busquedas.elperuano.pe/dispositivo/NL/2546509-1,2026-09-07T00:52:55-0500
2026-08-23,,Ejecutivo de Gestión Técnica Migratoria,,RESOLUCIÓN,Designan Ejecutivo de Gestión Técnica Migratoria de la Subdirección de Gestión Técnica Migratoria de la Dirección de Gestión Técnica y Fiscalización Migratoria,https://busquedas.elperuano.pe/dispositivo/NL/2546507-1,2026-09-07T00:52:55-0500
2026-08-23,,Ejecutivo,,RESOLUCIÓN,Designan Ejecutivo de la Jefatura Zonal de Chimbote,https://busquedas.elperuano.pe/dispositivo/NL/2546504-1,2026-09-07T00:52:55-0500
2026-08-23,Programa Subsectorial de Irrigaciones del Ministerio de Desarrollo Agrario y Riego y le en,Asesor,,RESOLUCIÓN DIRECTORAL,Designan Asesor de la Dirección Ejecutiva del Programa Subsectorial de Irrigaciones del Ministerio de Desarrollo Agrario y Riego y le encargan la Jefatura de la Unidad Gerencial de Intervenciones Especiales del Programa Subsectorial de Irri,https://busquedas.elperuano.pe/dispositivo/NL/2546512-1,2026-09-07T00:52:55-0500
2026-08-23,Programa Subsectorial de Irrigaciones del Ministerio de Desarrollo Agrario y Riego y le en,Asesor,,RESOLUCIÓN DIRECTORAL,Designan Asesor de la Dirección Ejecutiva del Programa Subsectorial de Irrigaciones del Ministerio de Desarrollo Agrario y Riego y le encargan la Jefatura de la Unidad Gerencial de Riego Tecnificado del Programa Subsectorial de Irrigaciones,https://busquedas.elperuano.pe/dispositivo/NL/2546511-1,2026-09-07T00:52:55-0500
2026-08-22,,fiscal provincial titular especializado,,RESOLUCIÓN,"Designan fiscal provincial titular especializado en delitos de corrupción de funcionarios de Chachapoyas, Distrito Fiscal de Amazonas",https://busquedas.elperuano.pe/dispositivo/NL/2546333-2,2026-09-07T00:52:55-0500
2026-08-22,,fiscal adjunto superior provisional,,RESOLUCIÓN,Nombran fiscal adjunto superior provisional del Distrito Fiscal de Ucayali,https://busquedas.elperuano.pe/dispositivo/NL/2546008-4,2026-09-07T00:52:55-0500
2026-08-22,,fiscal provincial provisional,,RESOLUCIÓN,Nombran fiscal provincial provisional del Distrito Fiscal de Loreto,https://busquedas.elperuano.pe/dispositivo/NL/2546008-5,2026-09-07T00:52:55-0500
2026-08-22,,fiscal adjunta provincial provisional,,RESOLUCIÓN,Nombran fiscal adjunta provincial provisional del Distrito Fiscal de Moquegua,https://busquedas.elperuano.pe/dispositivo/NL/2546008-6,2026-09-07T00:52:55-0500
2026-08-22,,fiscales provinciales provisionales,,RESOLUCIÓN,Nombran fiscales provinciales provisionales del Distrito Fiscal de Lima Centro y dictan otras disposiciones,https://busquedas.elperuano.pe/dispositivo/NL/2546333-3,2026-09-07T00:52:55-0500
2026-08-22,,fiscales provinciales provisionales,,RESOLUCIÓN,Nombran fiscales provinciales provisionales del Distrito Fiscal de Lima Centro y dictan otras disposiciones,https://busquedas.elperuano.pe/dispositivo/NL/2546333-4,2026-09-07T00:52:55-0500
2026-08-22,Instituto Peruano de Energía Nuclear,Director,,RESOLUCIÓN,Designan Director de la Dirección de Transferencia Tecnológica del Instituto Peruano de Energía Nuclear,https://busquedas.elperuano.pe/dispositivo/NL/2546186-1,2026-09-07T00:52:55-0500
2026-08-22,,Jefe,,RESOLUCIÓN DIRECTORAL,Designan Jefe de la Unidad de Recursos Humanos de la Oficina de Administración del COFOPRI,https://busquedas.elperuano.pe/dispositivo/NL/2546361-1,2026-09-07T00:52:55-0500
2026-08-22,,Asesor de Alto Nivel Ad Honorem,,RESOLUCIÓN MINISTERIAL,Designan Asesor de Alto Nivel Ad Honorem del Despacho Ministerial para la visita de Su Santidad el Papa León XIV al Perú,https://busquedas.elperuano.pe/dispositivo/NL/2546350-1,2026-09-07T00:52:55-0500
2026-08-22,,Asesor,,RESOLUCIÓN MINISTERIAL,Designan Asesor del Despacho Viceministerial de Promoción del Empleo y Capacitación Laboral I,https://busquedas.elperuano.pe/dispositivo/NL/2546299-1,2026-09-07T00:52:55-0500
2026-08-22,Programa Integral Nacional para el Bienestar Familiar - INABIF,Jefa de Subunidad de Apoyo,,RESOLUCIÓN MINISTERIAL,Designan Jefa de Subunidad de Apoyo de la Subunidad de Infraestructura de la Unidad de Administración del Programa Integral Nacional para el Bienestar Familiar - INABIF,https://busquedas.elperuano.pe/dispositivo/NL/2546197-1,2026-09-07T00:52:55-0500
2026-08-22,Programa Integral Nacional para el Bienestar Familiar – INABIF,Jefe de Unidad de Línea,,RESOLUCIÓN MINISTERIAL,Designan Jefe de Unidad de Línea de la Unidad de Fortalecimiento de Servicios y Coordinación Territorial del Programa Integral Nacional para el Bienestar Familiar – INABIF,https://busquedas.elperuano.pe/dispositivo/NL/2546194-1,2026-09-07T00:52:55-0500
2026-08-22,,Gerente General,,RESOLUCIÓN JEFATURAL,Designan Gerente General del Fondo Nacional de Desarrollo Pesquero - FONDEPES,https://busquedas.elperuano.pe/dispositivo/NL/2546413-1,2026-09-07T00:52:55-0500
2026-08-22,,Ejecutivo,,RESOLUCIÓN,Designan Ejecutivo de la Jefatura Zonal Ica de la SUCAMEC,https://busquedas.elperuano.pe/dispositivo/NL/2546478-1,2026-09-07T00:52:55-0500
2026-08-22,,Ejecutiva,,RESOLUCIÓN,Designan Ejecutiva de la Unidad de Comunicaciones e Imagen Institucional de la SUCAMEC,https://busquedas.elperuano.pe/dispositivo/NL/2546463-1,2026-09-07T00:52:55-0500
2026-08-22,,Ejecutivo,,RESOLUCIÓN,Designan Ejecutivo de la Jefatura Zonal Tumbes de la SUCAMEC,https://busquedas.elperuano.pe/dispositivo/NL/2546474-1,2026-09-07T00:52:55-0500
2026-08-22,,Ejecutivo,,RESOLUCIÓN,Designan Ejecutivo de la Jefatura Zonal Áncash de la SUCAMEC,https://busquedas.elperuano.pe/dispositivo/NL/2546479-1,2026-09-07T00:52:55-0500
2026-08-22,Superintendencia Nacional de Salud,Director General,,RESOLUCIÓN,Designan Director General de la Oficina General de Planeamiento y Presupuesto de la Superintendencia Nacional de Salud,https://busquedas.elperuano.pe/dispositivo/NL/2546292-1,2026-09-07T00:52:55-0500
2026-08-22,Superintendencia Nacional de Salud,Directora General,,RESOLUCIÓN,Designan Directora General de la Oficina General de Gestión de las Personas de la Superintendencia Nacional de Salud,https://busquedas.elperuano.pe/dispositivo/NL/2546293-1,2026-09-07T00:52:55-0500
2026-08-22,,Jefe,,RESOLUCIÓN JEFATURAL,Designan Jefe de la Oficina de Asesoría Jurídica de la Central de Compras Públicas (Perú Compras),https://busquedas.elperuano.pe/dispositivo/NL/2546339-1,2026-09-07T00:52:55-0500
2026-08-22,,Jefa,,RESOLUCIÓN JEFATURAL,Designan Jefa de la Oficina de Planeamiento y Presupuesto de la Central de Compras Públicas (Perú Compras),https://busquedas.elperuano.pe/dispositivo/NL/2546341-1,2026-09-07T00:52:55-0500
2026-08-22,,director,,RESOLUCIÓN JEFATURAL,Designan director de la Dirección de Compras Electrónicas y Modalidades Eficientes de la Central de Compras Públicas (Perú Compras),https://busquedas.elperuano.pe/dispositivo/NL/2546342-1,2026-09-07T00:52:55-0500
2026-08-21,,Jefe,,RESOLUCIÓN JEFATURAL,Designan Jefe de la Oficina de Seguridad y Defensa Nacional,https://busquedas.elperuano.pe/dispositivo/NL/2545871-1,2026-09-07T00:52:55-0500
2026-08-21,,fiscal provincial provisional,,RESOLUCIÓN,Nombran fiscal provincial provisional del Distrito Fiscal de La Libertad,https://busquedas.elperuano.pe/dispositivo/NL/2545912-8,2026-09-07T00:52:55-0500
2026-08-21,,fiscales,,RESOLUCIÓN,Designan fiscales en el Distrito Fiscal de Ica,https://busquedas.elperuano.pe/dispositivo/NL/2545912-6,2026-09-07T00:52:55-0500
2026-08-21,,fiscal adjunto provincial provisional,,RESOLUCIÓN,Nombran fiscal adjunto provincial provisional del Distrito Fiscal de Tumbes,https://busquedas.elperuano.pe/dispositivo/NL/2545912-9,2026-09-07T00:52:55-0500
2026-08-21,,fiscal superior provisional,,RESOLUCIÓN,"Nombran fiscal superior provisional del Distrito Fiscal de Lima Centro, designándola en la Coordinación Nacional de las Fiscalías Especializadas en Delitos de Corrupción de Funcionarios",https://busquedas.elperuano.pe/dispositivo/NL/2545912-7,2026-09-07T00:52:55-0500
2026-08-21,Instituto Peruano del Deporte,Jefe General de Administración,,RESOLUCIÓN,Designan Jefe General de Administración del Instituto Peruano del Deporte,https://busquedas.elperuano.pe/dispositivo/NL/2546003-1,2026-09-07T00:52:55-0500
2026-08-21,,Presidente,,RESOLUCIÓN SUPREMA,Designan Presidente del Directorio del Banco Central de Reserva del Perú,https://busquedas.elperuano.pe/dispositivo/NL/2546018-1,2026-09-07T00:52:55-0500
2026-08-21,Comisión Nacional para el Desarrollo y Vida sin Drogas - DEVIDA,Presidente Ejecutivo,,RESOLUCIÓN SUPREMA,Designan Presidente Ejecutivo de la Comisión Nacional para el Desarrollo y Vida sin Drogas - DEVIDA,https://busquedas.elperuano.pe/dispositivo/NL/2546018-2,2026-09-07T00:52:55-0500
2026-08-21,,Asesor,,RESOLUCIÓN MINISTERIAL,Designan Asesor del Despacho Viceministerial de Seguridad Pública,https://busquedas.elperuano.pe/dispositivo/NL/2545252-1,2026-09-07T00:52:55-0500
2026-08-21,,Asesora,,RESOLUCIÓN MINISTERIAL,Designan Asesora del Despacho Viceministerial,https://busquedas.elperuano.pe/dispositivo/NL/2545599-1,2026-09-07T00:52:55-0500
2026-08-21,Instituto Nacional de Enfermedades Neoplásicas - INEN,Jefe Institucional,,RESOLUCIÓN SUPREMA,Designan Jefe Institucional del Instituto Nacional de Enfermedades Neoplásicas - INEN,https://busquedas.elperuano.pe/dispositivo/NL/2546018-7,2026-09-07T00:52:55-0500
2026-08-21,Programa denominado Proyecto Especial de Infraestructura de Transporte Descentralizado – P,Gerente,,RESOLUCIÓN DIRECTORAL,Designan Gerente de la Gerencia de Monitoreo y Seguimiento del Programa denominado Proyecto Especial de Infraestructura de Transporte Descentralizado – PROVIAS DESCENTRALIZADO,https://busquedas.elperuano.pe/dispositivo/NL/2546016-1,2026-09-07T00:52:55-0500
2026-08-21,Programa denominado Proyecto Especial de Infraestructura de Transporte Descentralizado – P,Gerente,,RESOLUCIÓN DIRECTORAL,Designan Gerente de la Gerencia de Estudios del Programa denominado Proyecto Especial de Infraestructura de Transporte Descentralizado – PROVIAS DESCENTRALIZADO,https://busquedas.elperuano.pe/dispositivo/NL/2546010-1,2026-09-07T00:52:55-0500
2026-08-21,,Viceministra de Transportes,,RESOLUCIÓN SUPREMA,Designan Viceministra de Transportes,https://busquedas.elperuano.pe/dispositivo/NL/2546018-9,2026-09-07T00:52:55-0500
2026-08-21,,Viceministra de Comunicaciones,,RESOLUCIÓN SUPREMA,Designan Viceministra de Comunicaciones,https://busquedas.elperuano.pe/dispositivo/NL/2546018-11,2026-09-07T00:52:55-0500
2026-08-21,Programa denominado Proyecto Especial de Infraestructura de Transporte Descentralizado – P,Gerente,,RESOLUCIÓN DIRECTORAL,Designan Gerente de la Gerencia de Fortalecimiento de la Gestión Vial Descentralizada del Programa denominado Proyecto Especial de Infraestructura de Transporte Descentralizado – PROVIAS DESCENTRALIZADO,https://busquedas.elperuano.pe/dispositivo/NL/2546012-1,2026-09-07T00:52:55-0500
2026-08-21,,Directora II,,RESOLUCIÓN MINISTERIAL,"Designan Directora II de la Oficina de Monitoreo y Evaluación de Políticas de la Oficina General de Monitoreo, Evaluación de Políticas y Gestión Descentralizada",https://busquedas.elperuano.pe/dispositivo/NL/2545966-1,2026-09-07T00:52:55-0500
2026-08-21,Programa Integral Nacional para el Bienestar Familiar - INABIF,Jefe de Unidad de Apoyo,,RESOLUCIÓN MINISTERIAL,Designan Jefe de Unidad de Apoyo de la Unidad de Tecnologías de la Información del Programa Integral Nacional para el Bienestar Familiar - INABIF,https://busquedas.elperuano.pe/dispositivo/NL/2545927-1,2026-09-07T00:52:55-0500
2026-08-21,Programa Integral Nacional para el Bienestar Familiar – INABIF,Jefe de Subunidad de Asesoramiento,,RESOLUCIÓN MINISTERIAL,"Designan Jefe de Subunidad de Asesoramiento de la Subunidad de Planeamiento y Monitoreo de la Unidad de Planeamiento, Presupuesto y Modernización del Programa Integral Nacional para el Bienestar Familiar – INABIF",https://busquedas.elperuano.pe/dispositivo/NL/2545941-1,2026-09-07T00:52:55-0500
2026-08-21,Programa Integral Nacional para el Bienestar Familiar – INABIF,Jefa de Unidad de Línea,,RESOLUCIÓN MINISTERIAL,"Designan Jefa de Unidad de Línea de la Unidad de Servicios de Protección de Niñas, Niños y Adolescentes del Programa Integral Nacional para el Bienestar Familiar – INABIF",https://busquedas.elperuano.pe/dispositivo/NL/2545897-1,2026-09-07T00:52:55-0500
2026-08-21,Programa Integral Nacional para el Bienestar Familiar – INABIF,Jefe de Subunidad de Asesoramiento,,RESOLUCIÓN MINISTERIAL,"Designan Jefe de Subunidad de Asesoramiento de la Subunidad de Presupuesto e Inversiones de la Unidad de Planeamiento, Presupuesto y Modernización del Programa Integral Nacional para el Bienestar Familiar – INABIF",https://busquedas.elperuano.pe/dispositivo/NL/2545918-1,2026-09-07T00:52:55-0500
2026-08-21,,Asesor,,RESOLUCIÓN MINISTERIAL,Designan Asesor del Despacho Ministerial,https://busquedas.elperuano.pe/dispositivo/NL/2546014-1,2026-09-07T00:52:55-0500
2026-08-21,,juez superior,,RESOLUCIÓN ADMINISTRATIVA,Designan a juez superior de la Cuarta Sala Penal de Apelaciones Nacional como magistrado del Juzgado Superior de Investigación Preparatoria de la Corte Superior Nacional de Justicia Penal Especializada,https://busquedas.elperuano.pe/dispositivo/NL/2544477-1,2026-09-07T00:52:55-0500
2026-08-21,,Jefe,,RESOLUCIÓN MINISTERIAL,Designan Jefe de la Oficina General de Tecnologías de la Información,https://busquedas.elperuano.pe/dispositivo/NL/2545703-1,2026-09-07T00:52:55-0500
2026-08-21,,Ejecutivo,,RESOLUCIÓN,Designan Ejecutivo de la Unidad de Operaciones y Supervisión de la SUCAMEC,https://busquedas.elperuano.pe/dispositivo/NL/2545872-1,2026-09-07T00:52:55-0500
2026-08-21,,Jefe de Administración,,RESOLUCIÓN,Designan Jefe de Administración de la SUCAMEC,https://busquedas.elperuano.pe/dispositivo/NL/2545877-1,2026-09-07T00:52:55-0500
2026-08-21,,Director de Políticas,,RESOLUCIÓN,"Designan Director de Políticas, Normatividad y Capacitación de la SUCAMEC",https://busquedas.elperuano.pe/dispositivo/NL/2545881-1,2026-09-07T00:52:55-0500
2026-08-21,Programa Subsectorial de Irrigaciones,Asesor,,RESOLUCIÓN DIRECTORAL,Designan Asesor de la Dirección Ejecutiva del Programa Subsectorial de Irrigaciones,https://busquedas.elperuano.pe/dispositivo/NL/2545999-1,2026-09-07T00:52:55-0500
2026-08-21,Autoridad Nacional de Sanidad e Inocuidad en Pesca y Acuicultura – SANIPES,Asesora,,RESOLUCIÓN,Designan Asesora de la Gerencia General de la Autoridad Nacional de Sanidad e Inocuidad en Pesca y Acuicultura – SANIPES,https://busquedas.elperuano.pe/dispositivo/NL/2545554-1,2026-09-07T00:52:55-0500
2026-08-20,Municipalidad Provincial del Callao,y acreditan Ejecutor Coactivo,,RESOLUCIÓN DE ALCALDÍA,Designan y acreditan Ejecutor Coactivo de la Municipalidad Provincial del Callao,https://busquedas.elperuano.pe/dispositivo/NL/2545346-1,2026-09-07T00:52:55-0500
2026-08-20,,fiscal adjunto provincial titular penal de Lima Centro,,RESOLUCIÓN,"Designan fiscal adjunto provincial titular penal de Lima Centro, Distrito Fiscal de Lima Centro",https://busquedas.elperuano.pe/dispositivo/NL/2544894-3,2026-09-07T00:52:55-0500
2026-08-20,,fiscal adjunto provincial provisional,,RESOLUCIÓN,Nombran fiscal adjunto provincial provisional del Distrito Fiscal de Lima Centro,https://busquedas.elperuano.pe/dispositivo/NL/2544894-6,2026-09-07T00:52:55-0500
2026-08-20,,fiscal adjunta superior provisional,,RESOLUCIÓN,Nombran fiscal adjunta superior provisional del Distrito Fiscal de Lima Sur,https://busquedas.elperuano.pe/dispositivo/NL/2544894-5,2026-09-07T00:52:55-0500
2026-08-20,,fiscal superior titular mixto de Arequipa,,RESOLUCIÓN,"Designan fiscal superior titular mixto de Arequipa, Distrito Fiscal de Arequipa",https://busquedas.elperuano.pe/dispositivo/NL/2544894-4,2026-09-07T00:52:55-0500
2026-08-20,,fiscal adjunto provincial provisional,,RESOLUCIÓN,Nombran fiscal adjunto provincial provisional del Distrito Fiscal de Loreto,https://busquedas.elperuano.pe/dispositivo/NL/2544894-7,2026-09-07T00:52:55-0500
2026-08-20,,miembros,,RESOLUCIÓN,Designan miembros del Tribunal de Solución de Controversias del Osiptel,https://busquedas.elperuano.pe/dispositivo/NL/2544098-1,2026-09-07T00:52:55-0500
2026-08-20,,Director de Normas y Registro,,RESOLUCIÓN,Designan Director de Normas y Registro de la SBN,https://busquedas.elperuano.pe/dispositivo/NL/2545074-1,2026-09-07T00:52:55-0500
2026-08-20,Organismo de Formalización de la Propiedad Informal – COFOPRI,Jefa,,RESOLUCIÓN DIRECTORAL,Designan Jefa de la Unidad de Abastecimiento de la Oficina de Administración del Organismo de Formalización de la Propiedad Informal – COFOPRI,https://busquedas.elperuano.pe/dispositivo/NL/2545462-1,2026-09-07T00:52:55-0500
2026-08-20,,Jefa de Oficina I,,RESOLUCIÓN MINISTERIAL,Designan Jefa de Oficina I de la Oficina de Gestión Documental y Atención al Ciudadano de la PCM,https://busquedas.elperuano.pe/dispositivo/NL/2545510-1,2026-09-07T00:52:55-0500
2026-08-20,,Asesor,,RESOLUCIÓN MINISTERIAL,Designan Asesor del Despacho Viceministerial de Hacienda I,https://busquedas.elperuano.pe/dispositivo/NL/2545397-1,2026-09-07T00:52:55-0500
2026-08-20,,Jefe,,RESOLUCIÓN MINISTERIAL,Designan Jefe de la Oficina de Comunicaciones,https://busquedas.elperuano.pe/dispositivo/NL/2545392-1,2026-09-07T00:52:55-0500
2026-08-20,,Director General,,RESOLUCIÓN MINISTERIAL,Designan Director General de la Dirección General de Formalización Minera,https://busquedas.elperuano.pe/dispositivo/NL/2545159-1,2026-09-07T00:52:55-0500
2026-08-20,,Director General,,RESOLUCIÓN MINISTERIAL,Designan Director General de la Dirección General de Asuntos Ambientales de Hidrocarburos,https://busquedas.elperuano.pe/dispositivo/NL/2545134-1,2026-09-07T00:52:55-0500
2026-08-20,,Director de Ejecución de Políticas de Seguridad Ciudadana,,RESOLUCIÓN MINISTERIAL,Designan Director de Ejecución de Políticas de Seguridad Ciudadana,https://busquedas.elperuano.pe/dispositivo/NL/2545485-1,2026-09-07T00:52:55-0500
2026-08-20,,Director de Autorizaciones Especiales y Garantías,,RESOLUCIÓN MINISTERIAL,Designan Director de Autorizaciones Especiales y Garantías de la Dirección de Autorizaciones Especiales y Garantías de la Dirección General de Gobierno Interior del Despacho Viceministerial de Orden Interno,https://busquedas.elperuano.pe/dispositivo/NL/2545488-1,2026-09-07T00:52:55-0500
2026-08-20,,Director General de Seguridad Democrática,,RESOLUCIÓN MINISTERIAL,Designan Director General de Seguridad Democrática de la Dirección General de Seguridad Democrática del Despacho Viceministerial de Seguridad Pública,https://busquedas.elperuano.pe/dispositivo/NL/2545491-1,2026-09-07T00:52:55-0500
2026-08-20,,Ejecutiva Adjunta II,,RESOLUCIÓN MINISTERIAL,Designan Ejecutiva Adjunta II del Despacho Viceministerial de Prestaciones y Aseguramiento en Salud,https://busquedas.elperuano.pe/dispositivo/NL/2544994-1,2026-09-07T00:52:55-0500
2026-08-20,,Director Ejecutivo,,RESOLUCIÓN MINISTERIAL,Designan Director Ejecutivo de la Dirección de Monitoreo y Evaluación de la Gestión en Salud de la Dirección General de Operaciones en Salud,https://busquedas.elperuano.pe/dispositivo/NL/2545128-1,2026-09-07T00:52:55-0500
2026-08-20,,el puesto de Director Ejecutivo,,RESOLUCIÓN MINISTERIAL,Encargan el puesto de Director Ejecutivo del Proyecto Especial de Infraestructura de Transporte Nacional - PROVÍAS NACIONAL,https://busquedas.elperuano.pe/dispositivo/NL/2545494-1,2026-09-07T00:52:55-0500
2026-08-20,Programa Integral Nacional para el Bienestar Familiar – INABIF,Jefa de Subunidad de Apoyo,,RESOLUCIÓN MINISTERIAL,Designan Jefa de Subunidad de Apoyo de la Subunidad de Abastecimiento de la Unidad de Administración del Programa Integral Nacional para el Bienestar Familiar – INABIF,https://busquedas.elperuano.pe/dispositivo/NL/2545498-1,2026-09-07T00:52:55-0500
2026-08-20,Ministerio de la Mujer y Poblaciones Vulnerables,miembro,,RESOLUCIÓN MINISTERIAL,"Designan miembro del Directorio de la Sociedad de Beneficencia de Lima Metropolitana, en representación del Ministerio de la Mujer y Poblaciones Vulnerables",https://busquedas.elperuano.pe/dispositivo/NL/2545514-1,2026-09-07T00:52:55-0500
2026-08-20,Programa Integral Nacional para el Bienestar Familiar – INABIF,Jefe de Unidad de Apoyo,,RESOLUCIÓN MINISTERIAL,Designan Jefe de Unidad de Apoyo de la Unidad de Administración del Programa Integral Nacional para el Bienestar Familiar – INABIF,https://busquedas.elperuano.pe/dispositivo/NL/2545102-1,2026-09-07T00:52:55-0500
2026-08-20,Programa Integral Nacional para el Bienestar Familiar – INABIF,Jefe de Subunidad de Asesoramiento,,RESOLUCIÓN MINISTERIAL,"Designan Jefe de Subunidad de Asesoramiento de la Subunidad de Modernización Institucional y Cooperación de la Unidad de Planeamiento, Presupuesto y Modernización del Programa Integral Nacional para el Bienestar Familiar – INABIF",https://busquedas.elperuano.pe/dispositivo/NL/2545501-1,2026-09-07T00:52:55-0500
2026-08-20,Programa Integral Nacional para el Bienestar Familiar – INABIF,Jefe de Subunidad de Apoyo,,RESOLUCIÓN MINISTERIAL,Designan Jefe de Subunidad de Apoyo de la Subunidad de Gestión Documental y Atención a la Ciudadanía de la Unidad de Administración del Programa Integral Nacional para el Bienestar Familiar – INABIF,https://busquedas.elperuano.pe/dispositivo/NL/2545487-1,2026-09-07T00:52:55-0500
2026-08-20,Ministerio de la Mujer y Poblaciones Vulnerables,miembro,,RESOLUCIÓN MINISTERIAL,"Designan miembro del Directorio de la Sociedad de Beneficencia de Lima Metropolitana, en representación del Ministerio de la Mujer y Poblaciones Vulnerables",https://busquedas.elperuano.pe/dispositivo/NL/2545515-1,2026-09-07T00:52:55-0500
2026-08-20,Programa Integral Nacional para el Bienestar Familiar – INABIF,Jefa de Unidad de Asesoramiento,,RESOLUCIÓN MINISTERIAL,Designan Jefa de Unidad de Asesoramiento de la Unidad de Asesoría Jurídica del Programa Integral Nacional para el Bienestar Familiar – INABIF,https://busquedas.elperuano.pe/dispositivo/NL/2545490-1,2026-09-07T00:52:55-0500
2026-08-20,,Jefe de Gestión Documental y Archivo,,RESOLUCIÓN MINISTERIAL,Designan Jefe de Gestión Documental y Archivo de la Oficina de Gestión Documentaria y Archivo del Ministerio,https://busquedas.elperuano.pe/dispositivo/NL/2545475-1,2026-09-07T00:52:55-0500
2026-08-20,,Director General de Desarrollo Empresarial,,RESOLUCIÓN MINISTERIAL,Designan Director General de Desarrollo Empresarial de la Dirección General de Desarrollo Empresarial del Despacho Viceministerial de MYPE e Industria,https://busquedas.elperuano.pe/dispositivo/NL/2545277-1,2026-09-07T00:52:55-0500
2026-08-20,,Director de Instrumentos Financieros,,RESOLUCIÓN MINISTERIAL,Designan Director de Instrumentos Financieros de la Dirección de Instrumentos Financieros de la Dirección General de Desarrollo Empresarial,https://busquedas.elperuano.pe/dispositivo/NL/2545289-1,2026-09-07T00:52:55-0500
2026-08-20,,Director de Promoción y Formalización Pesquera Artesanal,,RESOLUCIÓN MINISTERIAL,Designan Director de Promoción y Formalización Pesquera Artesanal de la Dirección de Promoción y Formalización Pesquera Artesanal de la Dirección General de Pesca Artesanal,https://busquedas.elperuano.pe/dispositivo/NL/2545483-1,2026-09-07T00:52:55-0500
2026-08-20,Programa Nacional de Apoyo Directo a los Más Pobres “JUNTOS”,Coordinador de Abastecimiento y Servicios Generales,,RESOLUCIÓN,Designan Coordinador de Abastecimiento y Servicios Generales de la Unidad de Administración del Programa Nacional de Apoyo Directo a los Más Pobres “JUNTOS”,https://busquedas.elperuano.pe/dispositivo/NL/2545500-1,2026-09-07T00:52:55-0500
2026-08-20,Programa Nacional de Apoyo Directo a los Más Pobres “JUNTOS”,Ejecutiva de Comunicaciones e Imagen,,RESOLUCIÓN,Designan Ejecutiva de Comunicaciones e Imagen de la Unidad de Comunicaciones e Imagen del Programa Nacional de Apoyo Directo a los Más Pobres “JUNTOS”,https://busquedas.elperuano.pe/dispositivo/NL/2545509-1,2026-09-07T00:52:55-0500
2026-08-20,,Ejecutiva,,RESOLUCIÓN,Designan Ejecutiva de la Jefatura Zonal de la Jefatura Zonal de Puerto Maldonado de MIGRACIONES,https://busquedas.elperuano.pe/dispositivo/NL/2544982-1,2026-09-07T00:52:55-0500
2026-08-20,Superintendencia de la SUCAMEC,Asesor de Superintendencia,,RESOLUCIÓN,Designan Asesor de Superintendencia de la SUCAMEC,https://busquedas.elperuano.pe/dispositivo/NL/2545259-1,2026-09-07T00:52:55-0500
2026-08-20,,Jefe,,RESOLUCIÓN,Designan Jefe de la Oficina de Administración de PROMPERÚ,https://busquedas.elperuano.pe/dispositivo/NL/2545045-1,2026-09-07T00:52:55-0500
2026-08-20,,Asesor,,RESOLUCIÓN JEFATURAL,Designan Asesor de la Jefatura de la Central de Compras Públicas (Perú Compras),https://busquedas.elperuano.pe/dispositivo/NL/2545357-1,2026-09-07T00:52:55-0500
2026-08-20,,Jefa de Administración de Recursos Humanos,,RESOLUCIÓN MINISTERIAL,Designan Jefa de Administración de Recursos Humanos de la Oficina de Administración de Recursos Humanos de la Oficina General de Gestión de Recursos Humanos del Ministerio,https://busquedas.elperuano.pe/dispositivo/NL/2545240-1,2026-09-07T00:52:55-0500
2026-08-20,Instituto Tecnológico de la Producción,Jefe,,RESOLUCIÓN,Designan Jefe de la Oficina de Asesoría Jurídica del Instituto Tecnológico de la Producción,https://busquedas.elperuano.pe/dispositivo/NL/2545399-1,2026-09-07T00:52:55-0500
2026-08-19,,fiscales adjuntos superiores provisionales,,RESOLUCIÓN,Nombran fiscales adjuntos superiores provisionales del Distrito Fiscal de Lima Centro y precisan condición transitoria de las plazas,https://busquedas.elperuano.pe/dispositivo/NL/2544826-2,2026-09-07T00:52:55-0500
2026-08-19,,fiscales provinciales provisionales,,RESOLUCIÓN,Nombran fiscales provinciales provisionales del Distrito Fiscal de Lima Centro y precisan condición transitoria de las plazas,https://busquedas.elperuano.pe/dispositivo/NL/2544826-3,2026-09-07T00:52:55-0500
2026-08-19,,fiscal adjunta provincial provisional,,RESOLUCIÓN,Nombran fiscal adjunta provincial provisional del Distrito Fiscal de Lima Centro,https://busquedas.elperuano.pe/dispositivo/NL/2544826-4,2026-09-07T00:52:55-0500
2026-08-19,,fiscales adjuntos superiores provisionales,,RESOLUCIÓN,Nombran fiscales adjuntos superiores provisionales del Distrito Fiscal de Lima Centro,https://busquedas.elperuano.pe/dispositivo/NL/2544826-1,2026-09-07T00:52:55-0500
